gps_time,lat,lon,lat_bd,lon_bd,speed,direction,located,gyro_x,gyro_y,gyro_z,acc_x,acc_y,acc_z,satellites
2026-07-15 20:30:01,22.60493,113.865811,22.608215,113.877189,0.0,251,1,5248,15535,686,-22,207,-9,23
2026-07-15 20:30:06,22.604931,113.865811,22.608216,113.877189,0.0,251,1,4388,15484,3799,-1,46,15,22
2026-07-15 20:30:11,22.604932,113.865811,22.608217,113.877189,0.0,251,1,-4788,14732,-241,642,1040,1403,23
2026-07-15 20:30:16,22.60494,113.865804,22.608225,113.877182,0.0,251,1,927,17623,-6464,-367,364,-207,22
2026-07-15 20:30:21,22.604938,113.865806,22.608223,113.877184,0.0,251,1,5651,15544,2762,-27,-172,89,22
2026-07-15 20:30:26,22.60494,113.865805,22.608225,113.877183,0.0,251,1,7063,14755,2149,1,-5,-1,22
2026-07-15 20:30:31,22.604942,113.865806,22.608227,113.877184,0.0,251,1,6837,14847,2063,0,3,0,22
2026-07-15 20:30:36,22.604944,113.865805,22.608229,113.877183,0.0,251,1,6715,14867,2047,-5,0,11,22
2026-07-15 20:30:41,22.604946,113.865807,22.608231,113.877185,0.0,251,1,8298,14431,3203,83,-96,-25,22
2026-07-15 20:30:46,22.604947,113.865808,22.608232,113.877186,0.0,251,1,7716,13445,4554,5,-30,-3,23
2026-07-15 20:30:51,22.604948,113.865812,22.608233,113.87719,0.0,251,1,7402,13778,4737,824,-320,-285,23
2026-07-15 20:30:56,22.604948,113.865812,22.608233,113.87719,0.0,251,1,7927,12976,5852,-149,59,-53,23
2026-07-15 20:31:01,22.604949,113.865811,22.608234,113.877189,0.0,251,1,6963,13665,4280,-263,-364,136,23
2026-07-15 20:31:06,22.60495,113.865812,22.608235,113.87719,0.0,251,1,7290,13079,7022,6,0,-3,24
2026-07-15 20:31:11,22.60495,113.865812,22.608235,113.87719,0.0,251,1,4866,15565,2696,73,212,100,23
2026-07-15 20:31:16,22.604949,113.865809,22.608234,113.877187,0.0,251,1,4352,15797,1699,-1,-1,-1,22
2026-07-15 20:31:21,22.604949,113.865809,22.608234,113.877187,0.0,251,1,4430,15779,1705,-1,1,-2,23
2026-07-15 20:31:26,22.604949,113.865808,22.608234,113.877186,0.0,251,1,4469,15768,1694,0,2,1,24
2026-07-15 20:31:31,22.604949,113.865807,22.608234,113.877185,0.0,251,1,2289,16282,2017,7,-79,-42,23
2026-07-15 20:31:36,22.604954,113.865809,22.608239,113.877187,0.0,251,1,9748,13820,2920,41,-68,-161,23
2026-07-15 20:31:41,22.604928,113.865786,22.608213,113.877164,4.3,220,1,-209,16442,-170,28,10,103,23
2026-07-15 20:31:46,22.604883,113.865749,22.608167,113.877127,4.8,228,1,5155,14567,3047,22,-552,-365,23
2026-07-15 20:31:51,22.604858,113.865742,22.608142,113.87712,4.6,204,1,766,16826,1391,-24,196,147,24
2026-07-15 20:31:53,22.604838,113.865723,22.608122,113.877102,4.3,246,1,145,15890,266,83,818,421,25
2026-07-15 20:31:56,22.604811,113.865708,22.608095,113.877087,4.7,231,1,2988,16413,-6226,-235,-544,-376,25
2026-07-15 20:31:58,22.604786,113.865689,22.60807,113.877068,6.0,241,1,1559,15326,920,157,142,43,25
2026-07-15 20:32:03,22.604731,113.86561,22.608014,113.876989,7.2,243,1,3271,12796,-65,255,-195,-52,25
2026-07-15 20:32:05,22.604705,113.865584,22.607988,113.876963,7.2,209,1,4647,13038,1639,145,-19,-43,24
2026-07-15 20:32:10,22.604628,113.865541,22.607911,113.87692,5.7,202,1,2480,14809,2755,-371,669,122,24
2026-07-15 20:32:12,22.604602,113.865522,22.607885,113.876901,6.9,223,1,3378,17960,-2415,-110,-287,-48,24
2026-07-15 20:32:17,22.604533,113.865468,22.607815,113.876848,6.6,193,1,3024,16443,-3506,-435,240,15,24
2026-07-15 20:32:19,22.604504,113.865445,22.607786,113.876825,6.8,211,1,945,15035,-4924,-369,193,-61,24
2026-07-15 20:32:21,22.604483,113.865424,22.607765,113.876804,4.7,222,1,3274,14941,4160,-304,-148,-66,24
2026-07-15 20:32:24,22.604446,113.865391,22.607728,113.876771,5.8,210,1,5464,15695,-4321,-247,-903,-540,24
2026-07-15 20:32:29,22.604384,113.865347,22.607665,113.876727,5.1,205,1,2664,10591,9194,473,-1189,-426,24
2026-07-15 20:32:33,22.604339,113.865309,22.60762,113.876689,4.5,209,1,1708,15305,-925,2,-328,-202,24
2026-07-15 20:32:35,22.604318,113.865294,22.607599,113.876674,0.0,198,1,5493,12385,2939,-22,-719,-459,24
2026-07-15 20:32:37,22.604301,113.865275,22.607582,113.876656,4.2,186,1,1442,19736,3932,-91,-144,-80,24
2026-07-15 20:32:39,22.60428,113.865266,22.607561,113.876647,0.0,176,1,4499,15651,3707,-61,-663,-311,24
2026-07-15 20:32:44,22.604263,113.865242,22.607544,113.876623,0.0,176,1,3672,15983,1731,-2,-4,-3,24
2026-07-15 20:32:50,22.604257,113.865225,22.607537,113.876606,0.0,176,1,3359,16069,1463,-2,3,-2,23
2026-07-15 20:32:54,22.604255,113.865216,22.607535,113.876597,0.0,176,1,2842,16167,1485,-1,5,4,23
2026-07-15 20:32:59,22.604256,113.865202,22.607536,113.876583,0.0,176,1,3266,16063,1696,-6,-44,-16,24
2026-07-15 20:33:04,22.604257,113.865188,22.607537,113.876569,0.0,176,1,7010,14454,4719,-20,-177,-79,24
2026-07-15 20:33:09,22.604257,113.865177,22.607537,113.876558,0.0,176,1,6623,14254,5144,-16,-26,-6,23
2026-07-15 20:33:14,22.60426,113.865166,22.60754,113.876547,0.0,176,1,5900,14697,4317,25,-3,-3,25
2026-07-15 20:33:20,22.604264,113.865153,22.607544,113.876534,0.0,176,1,8037,12763,7324,120,67,-10,25
2026-07-15 20:33:24,22.604265,113.865143,22.607545,113.876524,0.0,176,1,6744,14115,5347,0,4,0,25
2026-07-15 20:33:29,22.604267,113.865133,22.607547,113.876514,0.0,176,1,6692,14170,5281,-1,-3,-2,25
2026-07-15 20:33:34,22.604269,113.865126,22.607549,113.876507,0.0,176,1,6646,14200,5204,0,3,2,25
2026-07-15 20:33:39,22.60427,113.865121,22.60755,113.876502,0.0,176,1,6669,14173,5235,-2,1,1,25
2026-07-15 20:33:44,22.604271,113.865116,22.607551,113.876497,0.0,176,1,6664,14206,5181,1,1,1,25
2026-07-15 20:33:49,22.604271,113.86511,22.607551,113.876491,0.0,176,1,6612,14262,5096,-1,-3,-1,25
2026-07-15 20:33:54,22.604271,113.865106,22.607551,113.876487,0.0,176,1,6718,14213,5127,0,-2,-1,26
2026-07-15 20:33:59,22.60427,113.865103,22.60755,113.876484,0.0,176,1,6671,14193,5143,23,-8,-14,26
2026-07-15 20:34:04,22.604269,113.865099,22.607549,113.87648,0.0,176,1,1322,16980,-1115,-39,-178,-52,26
2026-07-15 20:34:09,22.604264,113.86509,22.607543,113.876471,0.0,176,1,2559,15955,2354,54,271,136,26
2026-07-15 20:34:12,22.604253,113.865074,22.607532,113.876455,0.0,237,1,3929,15720,424,34,-591,-359,26
2026-07-15 20:34:17,22.60427,113.865075,22.607549,113.876456,0.0,237,1,-1025,17104,-2314,-63,775,381,26
2026-07-15 20:34:19,22.604284,113.865094,22.607563,113.876475,5.8,43,1,2050,13317,-2140,-234,151,72,26
2026-07-15 20:34:25,22.604336,113.865165,22.607616,113.876546,7.7,58,1,5430,16163,-6346,-292,364,49,25
2026-07-15 20:34:26,22.604347,113.865182,22.607627,113.876563,6.9,51,1,2041,19065,2664,72,-60,72,25
2026-07-15 20:34:29,22.604381,113.865218,22.607661,113.876599,6.1,50,1,1529,16332,2130,-58,239,96,25
2026-07-15 20:34:33,22.604426,113.865276,22.607707,113.876656,7.6,49,1,1732,15831,-1564,-62,-5,3,25
2026-07-15 20:34:38,22.604485,113.865356,22.607766,113.876736,6.5,50,1,3880,16091,57,-159,-181,-86,25
2026-07-15 20:34:43,22.604554,113.865432,22.607836,113.876812,7.0,48,1,2640,18604,603,501,-29,280,25
2026-07-15 20:34:47,22.604611,113.865497,22.607893,113.876877,6.4,64,1,3172,19038,-1683,59,426,326,25
2026-07-15 20:34:52,22.604672,113.865571,22.607955,113.87695,5.1,39,1,3771,16287,5109,190,-421,-98,25
2026-07-15 20:34:55,22.604715,113.865603,22.607998,113.876982,5.0,36,1,2083,17367,2108,43,111,72,26
2026-07-15 20:34:56,22.604725,113.865611,22.608008,113.87699,0.0,36,1,-1325,18066,4067,497,293,427,26
2026-07-15 20:34:59,22.60477,113.865633,22.608053,113.877012,4.8,41,1,-463,17146,443,-24,467,315,26
2026-07-15 20:35:01,22.604804,113.865652,22.608088,113.877031,6.9,33,1,4421,15591,3491,-116,-434,-386,26
2026-07-15 20:35:03,22.604835,113.86568,22.608119,113.877059,5.8,47,1,811,19317,1091,36,-64,62,26
2026-07-15 20:35:08,22.604884,113.865735,22.608168,113.877113,0.0,45,1,551,15941,2465,10,-73,-31,26
2026-07-15 20:35:11,22.604881,113.865771,22.608165,113.877149,6.2,105,1,2878,17536,4758,176,-170,-170,25
2026-07-15 20:35:14,22.604857,113.865818,22.608142,113.877196,5.5,94,1,1768,15546,3724,116,344,88,26
2026-07-15 20:35:15,22.604851,113.865832,22.608136,113.87721,6.0,130,1,1701,15882,8,-123,-811,-252,26
2026-07-15 20:35:19,22.604806,113.865882,22.608091,113.87726,5.7,124,1,4826,16143,4407,116,-156,-163,26
2026-07-15 20:35:22,22.604768,113.865894,22.608053,113.877272,4.2,165,1,4136,15724,2961,44,-333,-136,26
2026-07-15 20:35:24,22.604744,113.865916,22.608029,113.877294,7.2,133,1,-1643,14808,-2802,-98,412,196,24
2026-07-15 20:35:26,22.604715,113.865939,22.608001,113.877317,6.9,120,1,525,17008,-92,10,49,105,24
2026-07-15 20:35:30,22.604669,113.866012,22.607955,113.87739,6.2,126,1,2016,15983,222,-228,-441,-127,25
2026-07-15 20:35:32,22.604638,113.866042,22.607924,113.877419,7.7,148,1,3139,21825,5308,311,125,-45,26
2026-07-15 20:35:34,22.604608,113.866075,22.607895,113.877452,5.8,134,1,3072,15074,3388,-8,-641,-242,26
2026-07-15 20:35:36,22.604584,113.866112,22.607871,113.877489,8.4,121,1,1595,15196,-2695,-124,-160,-89,26
2026-07-15 20:35:41,22.60451,113.866219,22.607797,113.877596,6.6,117,1,849,18063,1172,-145,61,-44,25
2026-07-15 20:35:46,22.604467,113.866322,22.607755,113.877698,0.0,109,1,1056,15972,-44,-96,319,-49,26
2026-07-15 20:35:49,22.604443,113.866354,22.607731,113.87773,5.6,127,1,820,16028,-372,-54,138,115,25
2026-07-15 20:35:54,22.604376,113.866429,22.607665,113.877805,10.1,142,1,3859,12980,-2870,-234,-226,-180,24
2026-07-15 20:35:56,22.60434,113.866484,22.607629,113.87786,9.3,127,1,634,16322,422,-94,-380,51,24
2026-07-15 20:36:01,22.604234,113.866614,22.607524,113.87799,10.0,143,1,-740,16161,2981,24,567,203,25
2026-07-15 20:36:06,22.604132,113.866713,22.607423,113.878088,9.6,143,1,2283,15795,559,27,323,92,24
2026-07-15 20:36:11,22.604047,113.866805,22.607338,113.87818,8.5,145,1,3704,15453,-767,-71,-154,-97,25
2026-07-15 20:36:15,22.603987,113.866878,22.607279,113.878253,7.2,131,1,3070,18171,2222,15,-408,-163,24
2026-07-15 20:36:20,22.603915,113.866974,22.607207,113.878348,7.1,138,1,2958,15123,1343,84,-282,15,25
2026-07-15 20:36:21,22.6039,113.866994,22.607192,113.878368,6.8,142,1,1663,17528,-1852,-173,-73,135,26
2026-07-15 20:36:25,22.603835,113.867089,22.607128,113.878463,8.8,139,1,79,17353,-896,-134,-280,-28,26
2026-07-15 20:36:31,22.603733,113.867214,22.607027,113.878588,7.1,128,1,3038,14041,-3574,-69,-85,-95,26
2026-07-15 20:36:34,22.603693,113.867271,22.606987,113.878644,6.0,122,1,1291,16881,1092,-227,-56,73,26
2026-07-15 20:36:36,22.603666,113.867309,22.60696,113.878682,8.2,124,1,6018,14543,3523,-37,91,-229,26
2026-07-15 20:36:38,22.603638,113.867346,22.606932,113.878719,7.9,146,1,984,16234,635,71,84,-110,26
2026-07-15 20:36:40,22.603609,113.867379,22.606904,113.878752,7.6,145,1,2280,16624,3327,73,-128,89,26
2026-07-15 20:36:45,22.603536,113.867463,22.606831,113.878836,8.2,132,1,1570,15331,2905,-41,-686,-344,26
2026-07-15 20:36:49,22.603473,113.867526,22.606768,113.878899,7.9,143,1,2683,16998,-8,26,795,138,26
2026-07-15 20:36:53,22.60342,113.867579,22.606716,113.878952,7.1,131,1,-427,17637,1605,71,747,399,26
2026-07-15 20:36:58,22.603339,113.867653,22.606635,113.879025,9.3,144,1,-571,16742,3473,14,394,303,25
2026-07-15 20:37:03,22.603256,113.867725,22.606553,113.879097,8.5,136,1,1702,16595,821,25,-93,-139,26
2026-07-15 20:37:08,22.603167,113.86781,22.606464,113.879182,9.3,137,1,3402,17664,3784,-57,273,-22,26
2026-07-15 20:37:13,22.603077,113.8679,22.606374,113.879272,8.9,134,1,3545,14634,687,32,649,82,27
2026-07-15 20:37:18,22.60299,113.867989,22.606288,113.87936,9.6,140,1,2752,15189,-914,-137,-210,3,27
2026-07-15 20:37:23,22.602896,113.868077,22.606194,113.879448,9.4,138,1,357,16082,2143,10,135,209,27
2026-07-15 20:37:28,22.602793,113.86817,22.606092,113.879541,11.1,138,1,1998,15428,146,44,410,152,27
2026-07-15 20:37:33,22.602677,113.868271,22.605976,113.879642,11.6,138,1,1975,15098,953,-75,-181,-124,27
2026-07-15 20:37:38,22.602563,113.868377,22.605863,113.879747,10.7,138,1,1751,17314,1180,120,-28,150,27
2026-07-15 20:37:43,22.602459,113.868472,22.605759,113.879842,9.5,136,1,3041,9843,-3869,-66,-14,-36,27
2026-07-15 20:37:48,22.602366,113.868561,22.605667,113.879931,9.4,136,1,497,16756,1570,93,-246,5,26
2026-07-15 20:37:53,22.602279,113.868648,22.60558,113.880017,10.3,135,1,1138,12976,4642,191,-301,-57,26
2026-07-15 20:37:55,22.602238,113.868683,22.605539,113.880052,10.5,141,1,2886,14108,168,55,-52,-196,26
2026-07-15 20:38:00,22.602142,113.868782,22.605444,113.880151,10.0,132,1,1983,14211,7559,794,-215,-108,27
2026-07-15 20:38:03,22.602087,113.868837,22.605389,113.880206,9.3,137,1,1264,14672,5879,121,-37,-70,27
2026-07-15 20:38:08,22.602002,113.868922,22.605304,113.880291,8.9,140,1,2601,16311,1912,42,86,-11,27
2026-07-15 20:38:13,22.601922,113.869002,22.605225,113.880371,8.5,143,1,2274,17254,-53,-123,-248,-211,27
2026-07-15 20:38:15,22.601885,113.869021,22.605188,113.880389,7.3,167,1,-402,17930,10069,300,-183,7,27
2026-07-15 20:38:17,22.60185,113.869021,22.605153,113.880389,7.1,204,1,341,19001,1937,191,96,152,27
2026-07-15 20:38:22,22.601762,113.868962,22.605065,113.880331,8.9,230,1,-1482,12444,-1465,147,627,299,27
2026-07-15 20:38:27,22.601681,113.868863,22.604983,113.880232,9.1,228,1,2606,20595,-1852,-298,59,-88,27
2026-07-15 20:38:32,22.601597,113.86878,22.604899,113.880149,8.8,222,1,2909,15057,2640,59,-322,-137,27
2026-07-15 20:38:37,22.601528,113.868712,22.604829,113.880082,0.0,229,1,3798,13209,1946,69,-8,-848,26
2026-07-15 20:38:40,22.601526,113.868696,22.604827,113.880066,0.0,317,1,-10073,-3595,12591,6,17,26,26
2026-07-15 20:38:45,22.601525,113.8687,22.604826,113.88007,0.0,317,1,-10059,-3600,12608,1,0,1,26
2026-07-15 20:38:50,22.601526,113.868703,22.604827,113.880073,0.0,317,1,-10037,-3579,12617,-1,3,1,26
2026-07-15 20:38:55,22.601526,113.868707,22.604827,113.880077,0.0,317,1,-13055,-3874,11333,86,-14,133,27
2026-07-15 20:39:00,22.601524,113.868713,22.604825,113.880083,0.0,317,1,4338,15824,1369,-24,-125,-25,27
2026-07-15 20:39:05,22.601522,113.868715,22.604823,113.880085,0.0,317,1,3847,15892,771,-7,-62,-42,27
2026-07-15 20:39:10,22.601511,113.868709,22.604812,113.880079,4.9,209,1,696,17120,-44,2,-96,86,27
2026-07-15 20:39:15,22.601441,113.868649,22.604742,113.880019,11.6,226,1,3503,15489,1963,-284,-287,-173,27
2026-07-15 20:39:19,22.601377,113.868565,22.604678,113.879935,7.2,236,1,988,17428,399,-90,70,20,27
2026-07-15 20:39:22,22.601343,113.868528,22.604644,113.879898,6.8,227,1,1872,17762,1099,24,269,106,27
2026-07-15 20:39:27,22.60128,113.868453,22.60458,113.879824,8.1,227,1,897,16207,2003,315,-49,-18,27
2026-07-15 20:39:32,22.60122,113.868376,22.60452,113.879747,7.1,231,1,1416,15999,1216,-130,-62,-71,27
2026-07-15 20:39:35,22.60118,113.868342,22.60448,113.879713,5.9,227,1,-190,11760,-2553,-275,270,221,27
2026-07-15 20:39:40,22.601126,113.868283,22.604425,113.879654,6.1,237,1,2057,16023,3403,52,7,-21,27
2026-07-15 20:39:45,22.601108,113.86826,22.604407,113.879631,0.0,228,1,6422,14877,3075,-14,-98,-37,27
2026-07-15 20:39:50,22.601108,113.86826,22.604407,113.879631,0.0,228,1,6504,14900,2885,-6,15,20,27
2026-07-15 20:39:55,22.60111,113.868261,22.604409,113.879632,0.0,228,1,6770,14725,3159,4,-9,-12,27
2026-07-15 20:40:00,22.601111,113.868261,22.60441,113.879632,0.0,228,1,6340,13909,5767,-31,3,17,27
2026-07-15 20:40:04,22.601123,113.868274,22.604422,113.879645,0.0,43,1,2657,16280,4476,-133,40,31,27
2026-07-15 20:40:06,22.601138,113.868292,22.604437,113.879663,5.5,43,1,1188,15409,8,64,-26,122,27
2026-07-15 20:40:09,22.601163,113.868323,22.604463,113.879694,5.2,40,1,2436,15859,1293,-198,-859,-245,27
2026-07-15 20:40:12,22.601196,113.868352,22.604496,113.879723,5.8,34,1,-640,15899,-719,42,173,259,27
2026-07-15 20:40:15,22.601234,113.868387,22.604534,113.879758,6.7,53,1,3271,11410,-570,46,-703,-447,27
2026-07-15 20:40:18,22.601267,113.868424,22.604567,113.879795,5.7,42,1,1641,16488,1410,45,-39,170,27
2026-07-15 20:40:23,22.601324,113.868478,22.604624,113.879848,5.4,47,1,3165,15722,1005,79,61,-171,27
2026-07-15 20:40:25,22.601342,113.868507,22.604642,113.879877,5.7,54,1,1885,16747,-104,-57,207,15,27
2026-07-15 20:40:28,22.601367,113.868537,22.604668,113.879907,4.0,39,1,1601,16524,948,-46,-405,-84,27
2026-07-15 20:40:33,22.601425,113.868597,22.604726,113.879967,7.5,48,1,4333,16877,-1617,-118,184,-28,27
2026-07-15 20:40:36,22.601462,113.86864,22.604763,113.88001,6.3,45,1,4045,16147,513,55,361,49,27
2026-07-15 20:40:38,22.601477,113.868667,22.604778,113.880037,5.0,51,1,2499,15071,-476,-30,-165,-55,27
2026-07-15 20:40:43,22.601532,113.868743,22.604834,113.880112,7.1,41,1,2208,20142,2744,-162,-551,-106,27
2026-07-15 20:40:48,22.601597,113.868803,22.604899,113.880172,6.9,40,1,1711,19898,4763,47,-848,-78,26
2026-07-15 20:40:51,22.601631,113.868842,22.604933,113.880211,6.6,44,1,3305,17093,6021,309,-657,-6,26
2026-07-15 20:40:55,22.601678,113.868901,22.60498,113.88027,7.0,52,1,1387,14652,-4215,4,-1124,-270,26
2026-07-15 20:40:59,22.601708,113.868964,22.605011,113.880333,6.3,75,1,6956,15559,2879,-33,-957,-435,25
2026-07-15 20:41:01,22.601723,113.868991,22.605026,113.88036,5.8,41,1,2902,18471,5815,82,81,53,26
2026-07-15 20:41:03,22.601751,113.869006,22.605054,113.880375,7.0,3,1,8036,12666,-551,-154,-1153,-647,26
2026-07-15 20:41:05,22.601781,113.869002,22.605084,113.880371,6.2,337,1,12276,-11378,-1130,-4058,1126,2118,26
2026-07-15 20:41:10,22.601808,113.869,22.605111,113.880369,0.0,338,1,15796,4071,1545,0,3,2,26
2026-07-15 20:41:16,22.601806,113.869005,22.605109,113.880374,0.0,338,1,15787,4064,1552,1,1,0,25
2026-07-15 20:41:21,22.601805,113.869012,22.605108,113.880381,0.0,338,1,21073,609,190,-243,-383,-584,24
2026-07-15 20:41:26,22.601806,113.869015,22.605109,113.880384,0.0,338,1,821,16282,-509,-44,-432,-182,25
2026-07-15 20:41:31,22.601807,113.869015,22.60511,113.880384,0.0,338,1,3,16534,-532,0,147,43,26
2026-07-15 20:41:36,22.601808,113.869018,22.605111,113.880386,0.0,338,1,-3313,16018,947,2,-111,27,26
2026-07-15 20:41:41,22.601804,113.869047,22.605107,113.880415,0.0,140,1,1237,16084,5916,19,-798,-375,25
2026-07-15 20:41:42,22.6018,113.869048,22.605103,113.880416,0.0,140,1,-4854,16849,3526,-15,-391,-208,25
2026-07-15 20:41:44,22.601786,113.869036,22.605089,113.880404,4.2,232,1,1148,17640,690,-62,-70,-65,26
2026-07-15 20:41:46,22.601773,113.869019,22.605076,113.880388,4.1,235,1,-674,16776,1140,15,83,78,26
2026-07-15 20:41:51,22.601769,113.86902,22.605072,113.880389,0.0,235,1,5307,14833,4532,0,241,114,26
2026-07-15 20:41:57,22.601762,113.869019,22.605065,113.880388,0.0,235,1,6040,14413,5412,-6,-4,3,26
2026-07-15 20:42:02,22.601758,113.869017,22.605061,113.880386,0.0,235,1,6078,14386,5471,9,5,3,25
2026-07-15 20:42:07,22.601756,113.869013,22.605059,113.880382,0.0,235,1,6216,14344,5515,10,12,-2,26
2026-07-15 20:42:12,22.601754,113.869011,22.605057,113.88038,0.0,235,1,-6695,17155,-477,79,-163,210,26
2026-07-15 20:42:15,22.601728,113.868981,22.605031,113.88035,6.7,224,1,957,7845,-5949,26,157,76,26
2026-07-15 20:42:21,22.601636,113.868862,22.604938,113.880231,7.8,233,1,62,18385,6596,-180,-67,-31,26
2026-07-15 20:42:26,22.601613,113.868834,22.604915,113.880203,7.3,222,1,-4571,8506,-14137,-439,-370,121,26
2026-07-15 20:42:27,22.601599,113.868814,22.604901,113.880183,9.6,226,1,-1482,-15898,-6344,-25752,6373,-575,26
2026-07-15 20:42:31,22.601575,113.868798,22.604877,113.880167,0.0,219,1,7647,-8402,12117,2,7,0,26
2026-07-15 20:42:37,22.601576,113.868796,22.604878,113.880165,0.0,219,1,7657,-8410,12096,1,3,-1,26
2026-07-15 20:42:42,22.601577,113.868794,22.604879,113.880163,0.0,219,1,7653,-8417,12094,2,1,1,25
2026-07-15 20:42:47,22.601578,113.868792,22.60488,113.880161,0.0,219,1,7674,-8411,12104,1,2,-1,26
2026-07-15 20:42:52,22.601579,113.868792,22.604881,113.880161,0.0,219,1,7649,-8400,12089,-2,-1,2,26
2026-07-15 20:42:57,22.601578,113.868793,22.60488,113.880162,0.0,219,1,7662,-8411,12109,-1,2,1,26
2026-07-15 20:43:02,22.601577,113.868794,22.604879,113.880163,0.0,219,1,7661,-8403,12071,0,1,1,24
2026-07-15 20:43:07,22.601577,113.868795,22.604879,113.880164,0.0,219,1,7677,-8411,12089,1,1,0,24
2026-07-15 20:43:12,22.601576,113.868795,22.604878,113.880164,0.0,219,1,7661,-8404,12107,0,0,0,25
2026-07-15 20:43:17,22.601575,113.868795,22.604877,113.880164,0.0,219,1,7664,-8396,12095,0,2,0,25
2026-07-15 20:43:22,22.601575,113.868794,22.604877,113.880163,0.0,219,1,7447,-8265,11362,6,24,11,25
2026-07-15 20:43:27,22.601584,113.868781,22.604886,113.88015,0.0,219,1,-933,16476,2372,-1,51,80,25
2026-07-15 20:43:32,22.601579,113.868789,22.604881,113.880158,0.0,219,1,2402,15835,486,15,134,161,25
2026-07-15 20:43:37,22.60158,113.86879,22.604882,113.880159,0.0,219,1,-1127,15366,-3186,-203,-617,-94,25
2026-07-15 20:43:42,22.601531,113.868745,22.604833,113.880114,8.0,231,1,2584,17996,2480,11,-62,-35,25
2026-07-15 20:43:47,22.601448,113.868662,22.604749,113.880032,7.7,220,1,1106,16540,4464,-17,261,-15,25
2026-07-15 20:43:52,22.601355,113.868585,22.604656,113.879955,8.1,226,1,1133,16778,-621,-137,340,130,25
2026-07-15 20:43:55,22.601318,113.86855,22.604619,113.87992,6.7,209,1,1164,16650,601,-52,388,180,25
2026-07-15 20:43:57,22.601284,113.86852,22.604584,113.87989,9.5,222,1,157,16065,1412,1,135,38,25
2026-07-15 20:44:01,22.601202,113.868433,22.604502,113.879804,13.1,228,1,2236,9313,-5231,-69,146,-2,26
2026-07-15 20:44:06,22.601089,113.8683,22.604388,113.879671,11.3,228,1,1270,12730,-394,-218,136,-51,26
2026-07-15 20:44:11,22.601043,113.868254,22.604342,113.879625,0.0,225,1,6551,14393,4705,9,-69,-38,26
2026-07-15 20:44:16,22.601039,113.868257,22.604338,113.879628,0.0,225,1,6353,14503,4709,-12,-80,-33,26
2026-07-15 20:44:21,22.60104,113.86826,22.604339,113.879631,0.0,225,1,6611,14300,5002,-1,11,8,27
2026-07-15 20:44:25,22.601043,113.868264,22.604342,113.879635,0.0,225,1,6798,14438,4963,-4,65,30,27
2026-07-15 20:44:31,22.601046,113.868269,22.604345,113.87964,0.0,225,1,5940,14962,3151,94,117,74,27
2026-07-15 20:44:36,22.601077,113.868298,22.604376,113.879669,5.7,32,1,5857,13787,-2324,-21,-203,-264,27
2026-07-15 20:44:38,22.601102,113.868323,22.604402,113.879694,6.6,30,1,236,14479,239,49,-403,-233,26
2026-07-15 20:44:41,22.601152,113.868368,22.604452,113.879739,7.9,36,1,-1279,17905,897,111,293,169,26
2026-07-15 20:44:43,22.601185,113.868402,22.604485,113.879773,8.3,46,1,582,15488,-1325,19,-428,-173,27
2026-07-15 20:44:48,22.601276,113.868489,22.604576,113.879859,8.3,47,1,1463,15426,-937,-66,-266,-28,26
2026-07-15 20:44:53,22.601356,113.868562,22.604657,113.879932,6.5,53,1,893,13269,-3971,-137,419,195,26
2026-07-15 20:44:56,22.601407,113.868611,22.604708,113.879981,9.9,46,1,-770,14875,-464,-5,980,269,26
2026-07-15 20:45:01,22.601492,113.868689,22.604793,113.880059,6.2,60,1,3765,15353,1663,-60,-29,-59,26
2026-07-15 20:45:05,22.601534,113.868748,22.604836,113.880117,8.6,45,1,1981,16034,-269,-65,-433,-25,27
2026-07-15 20:45:08,22.601584,113.868785,22.604886,113.880154,8.4,40,1,1721,18162,2569,140,-401,-125,26
2026-07-15 20:45:12,22.601644,113.868853,22.604946,113.880222,7.9,44,1,3053,13568,216,152,-153,-90,27
2026-07-15 20:45:18,22.601709,113.868937,22.605011,113.880306,5.5,70,1,-2073,23282,4845,488,56,446,27
2026-07-15 20:45:20,22.601711,113.868969,22.605014,113.880338,6.0,69,1,4554,16084,4280,-35,26,89,27
2026-07-15 20:45:21,22.601716,113.868978,22.605019,113.880347,0.0,69,1,4939,16000,641,-70,-364,-92,27
2026-07-15 20:45:26,22.601717,113.86898,22.60502,113.880349,0.0,69,1,7153,15054,2183,9,-118,-109,27
2026-07-15 20:45:31,22.601718,113.868981,22.605021,113.88035,0.0,69,1,3055,16160,2119,98,653,248,27
2026-07-15 20:45:33,22.601731,113.868991,22.605034,113.88036,0.0,49,1,3445,14906,3546,-46,433,144,27
2026-07-15 20:45:38,22.601743,113.868964,22.605046,113.880333,0.0,49,1,-329,16002,3958,15,-1538,-507,27
2026-07-15 20:45:42,22.60172,113.868935,22.605022,113.880304,5.1,186,1,5869,14954,2966,-28,-230,-141,27
2026-07-15 20:45:44,22.601706,113.868955,22.605008,113.880324,5.1,93,1,2756,16802,-230,130,-110,84,27
2026-07-15 20:45:47,22.601733,113.868994,22.605036,113.880363,7.5,39,1,787,17616,3883,204,-144,64,27
2026-07-15 20:45:52,22.601789,113.869035,22.605092,113.880403,5.0,7,1,2421,16028,380,38,-188,-34,27
2026-07-15 20:45:54,22.601815,113.869031,22.605118,113.880399,5.7,352,1,-2577,18261,-4337,57,561,519,27
2026-07-15 20:45:58,22.601869,113.869015,22.605172,113.880383,5.5,330,1,-226,16658,-1299,-175,-664,-130,27
2026-07-15 20:46:00,22.60189,113.868995,22.605193,113.880364,6.6,309,1,2546,15222,-583,162,293,100,26
2026-07-15 20:46:05,22.601957,113.868929,22.605259,113.880298,7.6,321,1,2169,17814,1295,196,210,-56,26
2026-07-15 20:46:10,22.60201,113.868871,22.605312,113.88024,0.0,305,1,12571,-3468,10251,82,-74,-155,26
2026-07-15 20:46:12,22.602003,113.868863,22.605305,113.880232,0.0,220,1,12559,-3430,10285,7,0,-8,26
2026-07-15 20:46:17,22.601998,113.86886,22.6053,113.880229,0.0,220,1,12562,-3419,10281,0,2,2,26
2026-07-15 20:46:22,22.601993,113.868857,22.605295,113.880226,0.0,220,1,12548,-3396,10292,1,0,2,25
2026-07-15 20:46:27,22.602002,113.868865,22.605304,113.880234,0.0,220,1,-1585,16264,1633,26,-54,150,26
2026-07-15 20:46:32,22.602002,113.868864,22.605304,113.880233,0.0,220,1,-2518,17031,-453,24,-573,-164,25
2026-07-15 20:46:37,22.602034,113.868839,22.605336,113.880208,5.5,338,1,-2182,16625,619,-130,572,476,25
2026-07-15 20:46:39,22.602058,113.868819,22.60536,113.880188,5.8,329,1,-223,15985,1568,76,30,-49,25
2026-07-15 20:46:44,22.602124,113.868769,22.605426,113.880138,7.7,312,1,1524,18129,5029,224,-309,-165,24
2026-07-15 20:46:48,22.602185,113.868705,22.605486,113.880074,7.2,332,1,-1753,15205,-322,-65,-133,-89,25
2026-07-15 20:46:50,22.602207,113.868677,22.605508,113.880046,6.4,306,1,-3604,19289,5472,368,154,149,25
2026-07-15 20:46:53,22.602248,113.868639,22.605549,113.880009,6.7,337,1,-2409,21919,2198,-52,355,358,26
2026-07-15 20:46:55,22.602278,113.868613,22.605579,113.879983,6.7,325,1,1571,16730,1536,17,6,-125,25
2026-07-15 20:47:00,22.60234,113.868546,22.605641,113.879916,7.0,310,1,-964,19468,3868,320,-31,140,25
2026-07-15 20:47:02,22.602364,113.868518,22.605665,113.879888,5.1,317,1,392,14745,-163,143,-403,-192,25
2026-07-15 20:47:07,22.602439,113.868438,22.605739,113.879808,7.4,313,1,-2095,15793,3067,-54,252,55,26
2026-07-15 20:47:09,22.602474,113.868405,22.605774,113.879775,7.5,322,1,-2601,16954,622,-79,70,80,26
2026-07-15 20:47:13,22.60255,113.868324,22.60585,113.879694,8.8,312,1,-2664,17380,1147,158,338,370,25
2026-07-15 20:47:18,22.602658,113.868226,22.605957,113.879597,8.2,315,1,-1114,17071,6653,9,46,142,24
2026-07-15 20:47:22,22.602739,113.868162,22.606038,113.879533,5.4,321,1,1919,19417,-490,-141,-2,-74,25
2026-07-15 20:47:24,22.602772,113.868125,22.606071,113.879496,7.8,319,1,-611,17205,4957,5,25,-30,25
2026-07-15 20:47:28,22.602842,113.868048,22.60614,113.879419,8.6,314,1,-1344,15670,7327,36,28,-31,25
2026-07-15 20:47:33,22.60295,113.867938,22.606248,113.87931,10.1,318,1,21,13466,1881,-63,-164,-140,24
2026-07-15 20:47:36,22.603021,113.867882,22.606318,113.879254,8.0,322,1,-900,12389,-4286,-95,259,66,25
2026-07-15 20:47:41,22.60313,113.867786,22.606427,113.879158,9.2,316,1,-969,16510,5910,338,-126,133,25
2026-07-15 20:47:46,22.603246,113.867667,22.606542,113.879039,10.7,312,1,-1378,10266,-1359,95,222,96,24
2026-07-15 20:47:49,22.603309,113.867605,22.606605,113.878977,7.4,326,1,-1451,17563,11398,388,-208,62,25
2026-07-15 20:47:52,22.603377,113.867538,22.606673,113.878911,9.3,317,1,1498,16479,2080,82,-609,-224,25
2026-07-15 20:47:55,22.603424,113.86749,22.606719,113.878863,4.7,337,1,-1366,15320,3816,-333,164,57,26
2026-07-15 20:47:58,22.603483,113.867438,22.606778,113.878811,4.2,316,1,492,16292,2544,458,-342,-124,26
2026-07-15 20:48:03,22.603593,113.867306,22.606887,113.878679,6.3,306,1,-2791,23818,1983,134,-31,192,26
2026-07-15 20:48:08,22.603682,113.867217,22.606976,113.878591,4.3,319,1,-1630,19306,1788,-99,114,75,26
2026-07-15 20:48:10,22.603718,113.867178,22.607011,113.878552,4.9,316,1,-1114,16570,1750,-48,125,49,26
2026-07-15 20:48:12,22.603768,113.867153,22.607061,113.878527,6.1,328,1,805,16642,3801,163,-401,-12,26
2026-07-15 20:48:15,22.603837,113.867088,22.60713,113.878462,7.7,312,1,-825,22742,8101,163,66,46,25
2026-07-15 20:48:18,22.603887,113.866999,22.607179,113.878373,9.3,285,1,-491,16471,802,39,-268,-102,24
2026-07-15 20:48:22,22.603927,113.866908,22.607219,113.878283,6.5,312,1,-1160,14425,-875,50,-163,53,20
2026-07-15 20:48:24,22.60395,113.866869,22.607242,113.878244,6.4,297,1,-359,18823,4600,216,399,63,20
2026-07-15 20:48:27,22.603985,113.866814,22.607276,113.878189,5.7,308,1,-1748,14879,2868,158,-184,64,21
2026-07-15 20:48:29,22.60401,113.866777,22.607301,113.878152,7.7,334,1,-6720,16661,6587,4725,600,203,21
2026-07-15 20:48:31,22.604044,113.866737,22.607335,113.878112,6.1,310,1,2080,17967,109,-59,-148,-210,21
2026-07-15 20:48:35,22.604077,113.866686,22.607367,113.878061,0.0,299,1,-78,12102,3866,195,-239,-173,21
2026-07-15 20:48:37,22.604128,113.866635,22.607418,113.878011,7.0,305,1,1073,17067,561,-86,-23,-95,21
2026-07-15 20:48:41,22.604186,113.866587,22.607476,113.877963,0.0,332,1,-2146,18032,5657,240,-430,-5,21
2026-07-15 20:48:43,22.604212,113.866558,22.607502,113.877934,6.4,269,1,-898,15330,-1677,-126,-72,28,22
2026-07-15 20:48:45,22.604244,113.866506,22.607533,113.877882,6.5,291,1,137,16738,-555,-35,-95,4,22
2026-07-15 20:48:47,22.604276,113.866454,22.607565,113.87783,7.4,269,1,-752,12245,-2901,-161,35,-107,21
2026-07-15 20:48:49,22.604306,113.86641,22.607595,113.877786,5.2,295,1,-1499,16679,3202,146,322,-17,21
2026-07-15 20:48:52,22.604366,113.866356,22.607654,113.877732,4.3,295,1,-2099,15066,868,108,236,37,20
2026-07-15 20:48:56,22.604443,113.866274,22.607731,113.877651,5.6,303,1,-3503,16516,2063,-28,29,94,21
2026-07-15 20:49:01,22.604557,113.866185,22.607844,113.877562,5.5,317,1,3389,15842,2912,61,-992,-507,25
2026-07-15 20:49:03,22.604584,113.866135,22.607871,113.877512,5.6,246,1,-1712,16384,610,18,-224,45,24
2026-07-15 20:49:05,22.604632,113.866079,22.607919,113.877456,4.3,277,1,1613,16384,1659,-1,-111,-99,25
2026-07-15 20:49:10,22.604763,113.866018,22.608049,113.877395,0.0,277,1,4069,15434,4314,17,-22,-26,25
2026-07-15 20:49:15,22.604847,113.865981,22.608133,113.877359,0.0,277,1,1186,16325,1979,0,-10,-7,24
2026-07-15 20:49:20,22.60491,113.865937,22.608196,113.877315,0.0,277,1,4019,15274,4801,10,-51,-30,24
2026-07-15 20:49:25,22.604951,113.865901,22.608236,113.877279,0.0,277,1,4531,15054,5009,-6,4,5,25
2026-07-15 20:49:30,22.604978,113.865874,22.608263,113.877252,0.0,277,1,4530,15042,5181,2,-1,0,25
2026-07-15 20:49:35,22.604993,113.86586,22.608278,113.877238,0.0,277,1,4535,15052,5142,-1,-8,-1,25
2026-07-15 20:49:40,22.604998,113.865853,22.608283,113.877231,0.0,277,1,3821,15956,3335,-6,61,61,24
2026-07-15 20:49:45,22.605007,113.865837,22.608292,113.877215,0.0,277,1,865,15777,858,-6,-237,-217,25
2026-07-15 20:49:50,22.605029,113.865814,22.608314,113.877192,4.5,312,1,-2042,16254,567,41,-284,-92,25
2026-07-15 20:49:54,22.605053,113.865786,22.608338,113.877164,0.0,301,1,-827,16649,-139,-123,105,69,25
2026-07-15 20:49:56,22.605079,113.865781,22.608364,113.877159,6.0,341,1,-4239,19863,-304,342,-19,429,25
2026-07-15 20:49:59,22.605122,113.865754,22.608406,113.877132,5.3,322,1,-3310,14875,-255,-113,417,286,25
2026-07-15 20:50:01,22.605146,113.865735,22.60843,113.877113,4.3,317,1,5334,13096,-573,39,-383,-507,25
2026-07-15 20:50:05,22.605196,113.865696,22.60848,113.877074,5.0,313,1,-1723,15934,-2385,-352,195,-59,23
2026-07-15 20:50:08,22.605232,113.865683,22.608516,113.877061,4.4,354,1,-1721,14966,479,-188,-35,27,23
2026-07-15 20:50:10,22.605248,113.865667,22.608532,113.877046,0.0,328,1,-1596,16598,1520,-85,-211,-117,23
2026-07-15 20:50:15,22.605255,113.865646,22.608539,113.877025,0.0,328,1,314,15189,-2692,-41,-641,-239,23
2026-07-15 20:50:20,22.605277,113.865613,22.60856,113.876992,4.3,295,1,30,15738,780,81,-22,30,25
2026-07-15 20:50:23,22.605305,113.865575,22.608588,113.876954,4.6,319,1,-2915,20405,8067,302,512,262,24
2026-07-15 20:50:28,22.605371,113.865511,22.608654,113.87689,7.0,316,1,-1617,16366,1852,-36,637,322,25
2026-07-15 20:50:31,22.605413,113.865467,22.608695,113.876846,6.6,317,1,-1571,15580,-1582,71,420,262,24
2026-07-15 20:50:36,22.605465,113.8654,22.608747,113.876779,0.0,300,1,-1684,15208,389,28,-23,73,24
2026-07-15 20:50:39,22.605494,113.865368,22.608776,113.876748,4.0,306,1,-1457,23340,9335,-256,295,60,24
2026-07-15 20:50:44,22.60556,113.865283,22.608841,113.876663,5.9,301,1,-7427,16102,-2297,80,650,369,24
2026-07-15 20:50:49,22.60561,113.865207,22.60889,113.876587,5.9,312,1,-2490,17198,4170,130,-417,-35,24
2026-07-15 20:50:54,22.60569,113.865102,22.60897,113.876482,8.4,304,1,914,14971,3882,93,4,20,25
2026-07-15 20:50:58,22.605758,113.865018,22.609037,113.876399,4.8,301,1,1695,14180,2061,110,-377,-252,24
2026-07-15 20:50:59,22.605767,113.865002,22.609046,113.876383,4.0,295,1,-74,14888,-681,162,-33,56,24
2026-07-15 20:51:03,22.605798,113.864966,22.609077,113.876347,0.0,318,1,-2278,16299,2980,-86,635,213,23
2026-07-15 20:51:08,22.605839,113.864913,22.609117,113.876294,0.0,318,1,-1743,16031,-1046,-34,-485,-169,24
2026-07-15 20:51:10,22.605863,113.864878,22.609141,113.876259,4.4,298,1,-1335,17670,3041,43,130,-13,24
2026-07-15 20:51:16,22.60593,113.864818,22.609207,113.876199,0.0,298,1,-215,16094,1400,23,-496,-295,24
2026-07-15 20:51:20,22.605978,113.864773,22.609255,113.876155,0.0,298,1,-2920,13368,-2953,-106,50,76,23
2026-07-15 20:51:24,22.606038,113.864715,22.609315,113.876097,6.2,317,1,-764,16111,2966,59,676,193,22
2026-07-15 20:51:27,22.606104,113.864666,22.60938,113.876048,6.6,321,1,467,16229,441,-99,-234,-214,24
2026-07-15 20:51:31,22.606185,113.864601,22.609461,113.875983,0.0,323,1,6584,14678,5405,247,320,-44,25
2026-07-15 20:51:34,22.60623,113.864556,22.609505,113.875938,0.0,286,1,967,15795,2769,53,575,253,25
2026-07-15 20:51:40,22.60628,113.864528,22.609555,113.87591,0.0,286,1,-571,9735,-5536,-475,152,-38,25
2026-07-15 20:51:43,22.60627,113.86453,22.609545,113.875912,0.0,169,1,-3680,10666,-5023,2,-319,-581,25
2026-07-15 20:51:48,22.606289,113.864519,22.609564,113.875901,0.0,169,1,-1993,16015,-774,-81,170,224,25
2026-07-15 20:51:53,22.606299,113.864509,22.609574,113.875891,0.0,169,1,2587,14806,5771,-67,1792,876,25
2026-07-15 20:51:58,22.606289,113.864463,22.609564,113.875846,4.0,232,1,-2555,15763,-1285,-275,549,78,25
2026-07-15 20:51:59,22.606282,113.864453,22.609557,113.875836,4.9,224,1,1987,15397,4117,204,-143,-106,25
2026-07-15 20:52:04,22.606262,113.864437,22.609536,113.87582,0.0,224,1,-1728,16032,1471,187,-641,-189,25
2026-07-15 20:52:08,22.606241,113.864412,22.609515,113.875795,0.0,218,1,-561,16356,1162,-158,119,15,25
2026-07-15 20:52:14,22.606217,113.864404,22.609491,113.875787,0.0,218,1,4177,15321,6404,45,-990,-405,25
2026-07-15 20:52:19,22.606214,113.864396,22.609488,113.875779,0.0,218,1,598,16435,1220,0,3,0,25
2026-07-15 20:52:23,22.606208,113.864392,22.609482,113.875775,0.0,218,1,1339,16391,1185,0,23,14,25
2026-07-15 20:52:29,22.6062,113.864386,22.609474,113.875769,0.0,218,1,2674,16139,2276,15,-32,-40,26
2026-07-15 20:52:34,22.606185,113.864384,22.609459,113.875767,0.0,218,1,229,15308,208,-6,-35,-39,26
2026-07-15 20:52:37,22.60614,113.864381,22.609414,113.875764,0.0,161,1,2385,16244,1262,26,-509,-355,26
2026-07-15 20:52:42,22.606104,113.864333,22.609378,113.875716,0.0,161,1,96,16510,1459,-60,864,360,26
2026-07-15 20:52:47,22.606067,113.864255,22.60934,113.875639,0.0,243,1,-3323,15694,2635,225,-100,40,26
2026-07-15 20:52:51,22.606007,113.864161,22.609279,113.875545,5.7,223,1,1127,15599,2554,-192,-387,-296,24
2026-07-15 20:52:53,22.605987,113.86413,22.609259,113.875514,0.0,211,1,550,14881,946,107,-81,-125,25
2026-07-15 20:52:55,22.60596,113.864064,22.609231,113.875448,5.2,231,1,671,17033,1076,-297,-89,-134,25
2026-07-15 20:52:57,22.605943,113.864026,22.609214,113.875411,0.0,209,1,-571,15998,132,-149,-218,-188,25
2026-07-15 20:53:00,22.605928,113.863967,22.609199,113.875352,5.1,265,1,-1116,15270,91,-67,-179,-174,25
2026-07-15 20:53:03,22.605897,113.863913,22.609167,113.875298,0.0,235,1,-1881,16334,1346,-26,883,353,25
2026-07-15 20:53:06,22.605859,113.863854,22.609129,113.875239,4.2,237,1,-1120,15936,1253,13,-268,-70,26
2026-07-15 20:53:11,22.605804,113.863764,22.609073,113.87515,0.0,234,1,-1001,16979,2040,-18,665,214,26
2026-07-15 20:53:15,22.60576,113.8637,22.609028,113.875086,0.0,233,1,-2667,15984,969,-11,279,100,26
2026-07-15 20:53:20,22.605726,113.863653,22.608994,113.875039,0.0,233,1,-2106,15790,620,-61,810,442,23
2026-07-15 20:53:22,22.605705,113.863641,22.608973,113.875027,0.0,194,1,-944,16416,444,-49,411,53,23
2026-07-15 20:53:27,22.605688,113.863602,22.608955,113.874989,0.0,194,1,-80,15657,-503,-25,-777,-313,24
2026-07-15 20:53:32,22.605669,113.863576,22.608936,113.874963,0.0,194,1,-872,17018,850,-4,-319,-136,23
2026-07-15 20:53:34,22.605651,113.863538,22.608918,113.874925,5.9,241,1,-2318,17824,1310,70,-258,133,23
2026-07-15 20:53:39,22.605576,113.863445,22.608842,113.874832,5.8,216,1,254,16745,7744,138,-705,-398,23
2026-07-15 20:53:44,22.6055,113.863382,22.608765,113.87477,5.2,198,1,-3439,16690,1143,17,30,109,24
2026-07-15 20:53:48,22.605459,113.86336,22.608724,113.874748,0.0,195,1,-3817,16200,1244,-69,1368,662,24
2026-07-15 20:53:53,22.605447,113.863345,22.608712,113.874733,0.0,195,1,6677,15042,4545,119,127,16,24
2026-07-15 20:53:58,22.605421,113.863307,22.608686,113.874695,0.0,242,1,-1194,15676,2723,17,82,12,24
2026-07-15 20:54:03,22.605407,113.863289,22.608672,113.874677,0.0,242,1,207,16413,1384,-1,-42,-18,24
2026-07-15 20:54:08,22.6054,113.863282,22.608665,113.87467,0.0,242,1,-63,16411,1253,3,-97,-36,24
2026-07-15 20:54:13,22.605385,113.863257,22.608649,113.874645,0.0,242,1,-2673,16534,-2895,-433,23,59,24
2026-07-15 20:54:15,22.605363,113.863235,22.608627,113.874623,5.3,196,1,-1558,15021,292,-31,54,94,24
2026-07-15 20:54:18,22.605308,113.863211,22.608572,113.874599,7.5,199,1,527,17099,101,161,-303,-75,24
2026-07-15 20:54:20,22.605271,113.863182,22.608535,113.874571,8.4,215,1,-968,21854,156,-312,-23,132,25
2026-07-15 20:54:24,22.605219,113.863125,22.608482,113.874514,0.0,184,1,4229,16227,3142,74,-146,-317,25
2026-07-15 20:54:26,22.605199,113.863086,22.608462,113.874475,6.7,230,1,-4757,15413,682,-223,890,535,25
2026-07-15 20:54:30,22.605158,113.863018,22.60842,113.874407,4.6,218,1,-2573,16605,39,331,66,45,25
2026-07-15 20:54:35,22.605105,113.862939,22.608366,113.874329,6.3,233,1,-3172,15349,1783,15,186,267,26
2026-07-15 20:54:38,22.605084,113.862886,22.608345,113.874276,0.0,245,1,-1305,15072,-602,-47,349,89,25
2026-07-15 20:54:40,22.605078,113.862852,22.608339,113.874242,4.5,260,1,186,17461,4971,70,-161,-52,25
2026-07-15 20:54:45,22.605063,113.862803,22.608323,113.874193,0.0,260,1,-1608,16760,625,7,293,223,25
2026-07-15 20:54:50,22.605045,113.862782,22.608305,113.874172,0.0,260,1,5522,15426,3467,-32,-213,-28,26
2026-07-15 20:54:55,22.605025,113.862766,22.608285,113.874157,0.0,260,1,1892,16357,1961,0,141,117,26
2026-07-15 20:55:00,22.604996,113.862763,22.608256,113.874154,0.0,260,1,4450,15089,4984,12,85,34,26
2026-07-15 20:55:05,22.604973,113.862757,22.608233,113.874148,0.0,260,1,3926,15686,2752,-31,301,93,26
2026-07-15 20:55:10,22.604952,113.862752,22.608212,113.874143,0.0,260,1,1913,16124,1858,-28,-67,11,26
2026-07-15 20:55:15,22.60493,113.862744,22.60819,113.874135,0.0,260,1,3508,15830,3060,2,-14,-10,26
2026-07-15 20:55:20,22.604911,113.86275,22.608171,113.874141,0.0,260,1,142,16430,1343,0,10,3,26
2026-07-15 20:55:25,22.604896,113.862753,22.608156,113.874144,0.0,260,1,1310,16318,855,-28,32,-25,25
2026-07-15 20:55:30,22.604889,113.862761,22.608149,113.874152,0.0,260,1,892,16493,1159,-1,27,20,25
2026-07-15 20:55:35,22.604887,113.86277,22.608147,113.874161,0.0,260,1,-799,16431,1267,3,7,19,24
2026-07-15 20:55:40,22.604886,113.862776,22.608146,113.874167,0.0,260,1,-698,16440,1230,1,0,3,23
2026-07-15 20:55:45,22.604886,113.862778,22.608146,113.874169,0.0,260,1,-435,16441,1208,1,1,1,24
2026-07-15 20:55:50,22.604885,113.862781,22.608145,113.874172,0.0,260,1,-379,16443,1191,0,0,-1,24
2026-07-15 20:55:55,22.604887,113.862788,22.608147,113.874178,0.0,260,1,-1113,16665,1558,6,468,295,25
2026-07-15 20:56:00,22.604884,113.862793,22.608144,113.874183,0.0,260,1,4938,14987,4942,0,-2,2,26
2026-07-15 20:56:05,22.604882,113.862796,22.608142,113.874186,0.0,260,1,4960,14989,4933,0,1,1,26
2026-07-15 20:56:10,22.604878,113.862797,22.608138,113.874187,0.0,260,1,4966,14978,4942,0,1,0,24
2026-07-15 20:56:15,22.604873,113.862798,22.608133,113.874188,0.0,260,1,4971,14969,4940,0,2,1,24
2026-07-15 20:56:20,22.60487,113.862797,22.60813,113.874187,0.0,260,1,4967,14982,4937,0,1,0,26
2026-07-15 20:56:25,22.604868,113.862796,22.608128,113.874186,0.0,260,1,4970,14978,4932,-1,2,1,26
2026-07-15 20:56:30,22.604864,113.862796,22.608124,113.874186,0.0,260,1,4973,14966,4941,1,-2,0,26
2026-07-15 20:56:35,22.604862,113.862796,22.608122,113.874186,0.0,260,1,4967,14983,4928,0,2,2,26
2026-07-15 20:56:40,22.604859,113.862796,22.608119,113.874186,0.0,260,1,4966,14978,4941,0,0,1,25
2026-07-15 20:56:45,22.604858,113.862798,22.608118,113.874188,0.0,260,1,4977,14971,4949,0,-1,-1,25
2026-07-15 20:56:50,22.604858,113.8628,22.608118,113.87419,0.0,260,1,4970,14972,4948,0,0,1,25
2026-07-15 20:56:55,22.604857,113.862801,22.608117,113.874191,0.0,260,1,4973,14978,4939,-1,2,-1,25
2026-07-15 20:57:00,22.604856,113.862801,22.608116,113.874191,0.0,260,1,4967,14974,4942,0,0,1,25
2026-07-15 20:57:05,22.604855,113.8628,22.608115,113.87419,0.0,260,1,4979,14970,4954,1,-1,0,25
2026-07-15 20:57:10,22.604855,113.862799,22.608115,113.874189,0.0,260,1,4985,14977,4953,0,-1,1,24
2026-07-15 20:57:15,22.604853,113.862798,22.608113,113.874188,0.0,260,1,4977,14976,4955,0,0,0,23
2026-07-15 20:57:20,22.604853,113.862797,22.608113,113.874187,0.0,260,1,4983,14967,4946,2,2,0,23
2026-07-15 20:57:25,22.604852,113.862797,22.608112,113.874187,0.0,260,1,4975,14974,4939,1,0,1,23
2026-07-15 20:57:28,22.604852,113.862797,22.608112,113.874187,0.0,260,1,4982,14970,4948,-1,-1,0,23
2026-07-15 20:57:32,22.604852,113.862797,22.608112,113.874187,0.0,260,1,5067,14944,4998,5,0,-1,23
2026-07-15 20:57:37,22.604852,113.862795,22.608112,113.874185,0.0,260,1,4982,14974,4960,1,1,0,23
2026-07-15 20:57:42,22.604852,113.862793,22.608112,113.874183,0.0,260,1,5046,14895,5102,-1,-2,-2,24
2026-07-15 20:57:47,22.604852,113.862792,22.608112,113.874182,0.0,260,1,5050,14897,5111,1,1,0,24
2026-07-15 20:57:52,22.604852,113.86279,22.608112,113.87418,0.0,260,1,4922,14986,4881,2,2,-10,23
2026-07-15 20:57:57,22.604852,113.862789,22.608112,113.87418,0.0,260,1,4953,14953,4988,0,1,2,24
2026-07-15 20:58:02,22.604851,113.862787,22.608111,113.874178,0.0,260,1,5014,14926,5032,-1,-2,2,25
2026-07-15 20:58:07,22.604851,113.862786,22.608111,113.874177,0.0,260,1,5011,14938,5024,0,0,1,25
2026-07-15 20:58:12,22.604851,113.862784,22.608111,113.874175,0.0,260,1,5020,14932,5025,-1,1,0,25
2026-07-15 20:58:17,22.604851,113.862783,22.608111,113.874174,0.0,260,1,5016,14941,5034,0,-1,1,25
2026-07-15 20:58:22,22.604851,113.862781,22.608111,113.874172,0.0,260,1,5013,14941,5030,-1,0,1,25
2026-07-15 20:58:27,22.604851,113.862781,22.608111,113.874172,0.0,260,1,5013,14936,5021,1,1,1,25
2026-07-15 20:58:32,22.604851,113.86278,22.608111,113.874171,0.0,260,1,5011,14928,5017,0,0,0,25
2026-07-15 20:58:37,22.604852,113.86278,22.608112,113.874171,0.0,260,1,2037,16236,2088,-71,61,143,25
2026-07-15 20:58:42,22.604852,113.862779,22.608112,113.87417,0.0,260,1,331,16323,-817,-32,479,166,25
2026-07-15 20:58:46,22.604866,113.862789,22.608126,113.874179,0.0,23,1,3039,14674,-2110,-177,-456,-486,25
2026-07-15 20:58:48,22.604882,113.862804,22.608142,113.874194,4.8,57,1,424,16304,1861,171,-807,-448,25
2026-07-15 20:58:51,22.604906,113.862833,22.608166,113.874223,5.1,31,1,218,17381,231,-195,-314,-310,25
2026-07-15 20:58:54,22.604936,113.862855,22.608197,113.874245,4.4,27,1,-1281,17897,6846,379,-111,19,25
2026-07-15 20:58:59,22.605004,113.862897,22.608265,113.874287,5.8,25,1,255,17164,1883,184,-171,-102,25
2026-07-15 20:59:01,22.605026,113.862911,22.608287,113.874301,4.4,30,1,4723,15190,1122,-31,-368,-477,26
2026-07-15 20:59:03,22.60505,113.862913,22.608311,113.874303,4.7,343,1,-1472,15915,7048,27,201,46,26
2026-07-15 20:59:05,22.605076,113.862913,22.608337,113.874303,6.5,1,1,-1753,17199,1843,3,248,144,26
2026-07-15 20:59:09,22.605139,113.862934,22.6084,113.874324,6.7,42,1,-1047,16973,5702,218,-70,-30,26
2026-07-15 20:59:14,22.605186,113.862959,22.608448,113.874349,4.9,16,1,-2269,18824,1322,83,493,189,26
2026-07-15 20:59:19,22.605243,113.863018,22.608505,113.874407,0.0,20,1,-1763,16411,125,81,-273,-125,24
2026-07-15 20:59:21,22.605259,113.863047,22.608521,113.874436,4.5,53,1,-3491,16140,358,86,319,187,23
2026-07-15 20:59:23,22.605268,113.863078,22.608531,113.874467,4.4,51,1,2195,15344,570,128,15,-216,24
2026-07-15 20:59:28,22.605315,113.863167,22.608579,113.874556,6.1,75,1,-4073,14963,1535,670,-724,44,22
2026-07-15 20:59:33,22.605323,113.863257,22.608587,113.874645,0.0,82,1,-108,16163,3533,199,-1114,-400,22
2026-07-15 20:59:38,22.605336,113.863283,22.608601,113.874671,0.0,82,1,8680,13374,5585,22,-515,-300,22
2026-07-15 20:59:43,22.605344,113.863302,22.608609,113.87469,0.0,82,1,6393,14010,6070,0,-4,0,22
2026-07-15 20:59:48,22.605355,113.863319,22.60862,113.874707,0.0,82,1,6408,14022,6045,0,0,1,22
2026-07-15 20:59:53,22.605368,113.863343,22.608633,113.874731,0.0,82,1,6396,14015,6029,0,0,1,23
2026-07-15 20:59:58,22.605387,113.863362,22.608652,113.87475,0.0,82,1,6406,14028,6027,-1,-1,0,23
2026-07-15 21:00:03,22.605403,113.863381,22.608668,113.874769,0.0,82,1,6403,14026,6026,0,0,1,24
2026-07-15 21:00:08,22.605418,113.863395,22.608684,113.874783,0.0,82,1,6417,14025,6032,0,2,-1,24
2026-07-15 21:00:13,22.605431,113.863406,22.608697,113.874794,0.0,82,1,6416,14032,6035,1,0,0,23
2026-07-15 21:00:18,22.605446,113.863412,22.608712,113.8748,0.0,82,1,6409,14022,6018,0,1,-2,22
2026-07-15 21:00:23,22.605463,113.863416,22.608729,113.874803,0.0,82,1,6414,14022,6028,-1,1,2,23
2026-07-15 21:00:28,22.605476,113.863418,22.608742,113.874805,0.0,82,1,1767,15088,9819,-70,-221,-104,23
2026-07-15 21:00:30,22.605477,113.863412,22.608743,113.874799,0.0,249,1,-1666,16373,372,49,310,213,23
2026-07-15 21:00:34,22.605467,113.863401,22.608733,113.874789,6.3,228,1,-171,17289,980,19,145,-78,22
2026-07-15 21:00:37,22.605443,113.863382,22.608708,113.87477,0.0,214,1,260,13910,333,-147,-424,-138,22
2026-07-15 21:00:39,22.605421,113.863373,22.608686,113.874761,6.2,208,1,-2596,17113,1350,-67,572,139,22
2026-07-15 21:00:42,22.605366,113.863355,22.608631,113.874743,7.6,196,1,-1716,14358,1232,-133,278,185,22
2026-07-15 21:00:47,22.605292,113.863334,22.608557,113.874722,4.6,216,1,-1504,15311,640,61,118,92,22
2026-07-15 21:00:50,22.605264,113.86333,22.608529,113.874718,0.0,183,1,-2218,15341,2436,108,42,60,24
2026-07-15 21:00:52,22.605242,113.863336,22.608507,113.874724,6.3,166,1,-917,13931,1705,4,238,54,24
2026-07-15 21:00:56,22.605191,113.863341,22.608456,113.874729,0.0,181,1,210,17156,3623,115,-493,-227,25
2026-07-15 21:00:58,22.605176,113.863313,22.608441,113.874701,5.6,240,1,-1027,15910,1798,116,-123,-1,26
2026-07-15 21:01:00,22.605155,113.86328,22.60842,113.874668,6.5,216,1,-858,18090,6205,168,-207,-163,26
2026-07-15 21:01:05,22.605101,113.86319,22.608365,113.874579,7.5,225,1,844,13063,-1379,155,-517,-337,26
2026-07-15 21:01:09,22.605074,113.863118,22.608337,113.874507,4.6,248,1,-1390,21788,9216,302,-171,38,26
2026-07-15 21:01:14,22.605044,113.863017,22.608306,113.874406,7.5,239,1,-3457,18857,4236,117,-201,-11,26
2026-07-15 21:01:19,22.605043,113.862971,22.608305,113.874361,0.0,239,1,1346,16245,1758,-37,105,109,26
2026-07-15 21:01:24,22.605054,113.862952,22.608316,113.874342,0.0,239,1,5199,15142,3642,79,207,79,26
2026-07-15 21:01:29,22.605061,113.862921,22.608322,113.874311,0.0,239,1,1416,16088,1703,36,205,-43,26
2026-07-15 21:01:33,22.605084,113.862925,22.608345,113.874315,5.8,38,1,2895,17157,3246,63,-638,-465,26
2026-07-15 21:01:36,22.605112,113.862929,22.608373,113.874319,6.5,31,1,1144,15449,-870,-43,-536,-290,26
2026-07-15 21:01:38,22.605135,113.862939,22.608396,113.874329,7.4,46,1,-853,18121,4590,251,-257,-26,25
2026-07-15 21:01:40,22.605156,113.862938,22.608417,113.874328,6.6,17,1,-2370,18022,2535,220,155,180,25
2026-07-15 21:01:42,22.605173,113.862946,22.608435,113.874336,8.0,52,1,802,13788,-1563,92,211,-45,25
2026-07-15 21:01:46,22.605197,113.862965,22.608459,113.874355,7.0,43,1,-971,13383,-1294,115,-104,-19,25
2026-07-15 21:01:49,22.605212,113.862968,22.608474,113.874358,5.1,15,1,-708,11841,-4404,-316,613,79,26
2026-07-15 21:01:52,22.605233,113.862966,22.608495,113.874356,5.6,38,1,349,17197,-2441,19,-38,-194,26
2026-07-15 21:01:57,22.605284,113.863012,22.608546,113.874401,6.4,44,1,-2015,19375,4219,141,-86,78,26
2026-07-15 21:02:00,22.605309,113.863059,22.608572,113.874448,6.8,59,1,-565,16176,3304,163,-243,-126,24
2026-07-15 21:02:03,22.605321,113.863102,22.608584,113.874491,4.2,49,1,-5717,17929,-319,55,107,221,24
2026-07-15 21:02:05,22.605328,113.863131,22.608591,113.87452,5.4,44,1,826,11722,914,49,607,-204,24
2026-07-15 21:02:09,22.605341,113.8632,22.608605,113.874588,7.3,95,1,-575,16400,457,-143,65,-45,24
2026-07-15 21:02:12,22.605337,113.863264,22.608601,113.874652,4.9,83,1,1151,16729,2993,81,-463,-221,25
2026-07-15 21:02:17,22.605357,113.863307,22.608622,113.874695,0.0,83,1,762,15940,425,-101,76,-55,25
2026-07-15 21:02:22,22.605373,113.863339,22.608638,113.874727,0.0,83,1,4167,15560,2761,10,-150,-81,25
2026-07-15 21:02:27,22.605379,113.863361,22.608644,113.874749,0.0,83,1,4942,15486,2893,1,0,-4,24
2026-07-15 21:02:32,22.605395,113.863384,22.60866,113.874772,0.0,83,1,4890,15491,2889,2,1,2,22
2026-07-15 21:02:37,22.605415,113.863413,22.608681,113.874801,0.0,83,1,4874,15496,2891,1,-1,2,23
2026-07-15 21:02:42,22.605431,113.863441,22.608697,113.874828,0.0,83,1,4874,15494,2896,0,1,1,22
2026-07-15 21:02:47,22.605444,113.863473,22.60871,113.87486,0.0,83,1,4876,15493,2886,1,1,-1,22
2026-07-15 21:02:52,22.605451,113.863501,22.608718,113.874888,0.0,83,1,4873,15490,2890,1,0,0,22
2026-07-15 21:02:57,22.605456,113.863524,22.608723,113.874911,0.0,83,1,4867,15494,2887,0,-1,2,21
2026-07-15 21:03:02,22.605458,113.86354,22.608725,113.874927,0.0,83,1,4876,15489,2891,-1,1,-1,20
2026-07-15 21:03:07,22.605461,113.863547,22.608728,113.874934,0.0,83,1,4870,15498,2887,0,-1,-2,20
2026-07-15 21:03:12,22.605462,113.863548,22.608729,113.874935,0.0,83,1,4876,15487,2885,2,0,0,20
2026-07-15 21:03:17,22.605465,113.863548,22.608732,113.874935,0.0,83,1,4877,15488,2883,1,0,2,20
2026-07-15 21:03:22,22.605468,113.863546,22.608735,113.874933,0.0,83,1,4879,15491,2878,1,-1,1,20
2026-07-15 21:03:27,22.60547,113.863545,22.608737,113.874932,0.0,83,1,4875,15495,2884,1,0,0,19
2026-07-15 21:03:32,22.605471,113.863544,22.608738,113.874931,0.0,83,1,4877,15495,2888,0,1,1,20
2026-07-15 21:03:37,22.605471,113.863543,22.608738,113.87493,0.0,83,1,4880,15492,2882,-1,1,1,20
2026-07-15 21:03:42,22.605471,113.863542,22.608738,113.874929,0.0,83,1,4882,15496,2889,0,0,1,20
2026-07-15 21:03:47,22.605471,113.863542,22.608738,113.874929,0.0,83,1,4872,15498,2879,0,0,-1,22
2026-07-15 21:03:52,22.60547,113.863541,22.608737,113.874928,0.0,83,1,4881,15488,2881,1,2,0,22
2026-07-15 21:03:53,22.60547,113.863541,22.608737,113.874928,0.0,83,1,4880,15496,2884,1,1,0,22
2026-07-15 21:03:58,22.60547,113.863541,22.608737,113.874928,0.0,83,1,4876,15494,2890,1,-1,-1,21
2026-07-15 21:04:03,22.605469,113.863542,22.608736,113.874929,0.0,83,1,4882,15489,2883,0,0,-2,21
2026-07-15 21:04:08,22.605468,113.863545,22.608735,113.874932,0.0,83,1,4872,15491,2886,1,0,2,22
2026-07-15 21:04:13,22.605468,113.863547,22.608735,113.874934,0.0,83,1,4875,15492,2883,1,2,1,22
2026-07-15 21:04:18,22.605469,113.863548,22.608736,113.874935,0.0,83,1,4880,15494,2885,2,2,1,22
2026-07-15 21:04:23,22.605469,113.86355,22.608736,113.874937,0.0,83,1,4871,15496,2892,0,0,2,22
2026-07-15 21:04:28,22.60547,113.863552,22.608737,113.874939,0.0,83,1,4878,15485,2894,1,1,-1,22
2026-07-15 21:04:32,22.60547,113.863553,22.608737,113.87494,0.0,83,1,4872,15491,2886,1,-1,1,21
2026-07-15 21:04:37,22.605471,113.863555,22.608738,113.874942,0.0,83,1,4878,15488,2880,0,1,-1,23
2026-07-15 21:04:42,22.60547,113.863558,22.608737,113.874945,0.0,83,1,4874,15496,2884,1,1,2,22
2026-07-15 21:04:47,22.605471,113.863561,22.608738,113.874948,0.0,83,1,4881,15494,2890,0,1,-1,22
2026-07-15 21:04:52,22.605472,113.863563,22.608739,113.87495,0.0,83,1,4873,15485,2886,0,1,-1,22
2026-07-15 21:04:57,22.605473,113.863565,22.60874,113.874952,0.0,83,1,4876,15494,2888,0,2,0,21
2026-07-15 21:05:02,22.605472,113.863566,22.608739,113.874953,0.0,83,1,4878,15487,2884,1,-1,2,20
2026-07-15 21:05:07,22.605471,113.863567,22.608738,113.874954,0.0,83,1,4887,15489,2891,1,1,0,21
2026-07-15 21:05:12,22.605469,113.863569,22.608736,113.874956,0.0,83,1,4872,15483,2875,-1,-1,1,22
2026-07-15 21:05:17,22.605469,113.86357,22.608736,113.874957,0.0,83,1,4876,15491,2890,0,-2,3,22
2026-07-15 21:05:22,22.605467,113.863571,22.608734,113.874958,0.0,83,1,4866,15488,2887,1,0,0,22
2026-07-15 21:05:27,22.605466,113.863573,22.608733,113.87496,0.0,83,1,4878,15495,2891,1,-1,1,22
2026-07-15 21:05:32,22.605465,113.863574,22.608732,113.874961,0.0,83,1,4873,15489,2885,0,1,1,23
2026-07-15 21:05:37,22.605465,113.863574,22.608732,113.874961,0.0,83,1,4875,15495,2887,0,0,1,23
2026-07-15 21:05:42,22.605465,113.863575,22.608732,113.874962,0.0,83,1,4876,15494,2890,0,1,1,22
2026-07-15 21:05:47,22.605464,113.863576,22.608731,113.874963,0.0,83,1,4865,15482,2891,0,1,-1,21
2026-07-15 21:05:52,22.605464,113.863577,22.608731,113.874964,0.0,83,1,4882,15491,2897,0,0,0,22
2026-07-15 21:05:57,22.605463,113.863579,22.60873,113.874966,0.0,83,1,4876,15490,2892,1,-1,0,22
2026-07-15 21:06:02,22.605462,113.86358,22.608729,113.874967,0.0,83,1,4869,15488,2886,1,-1,-1,21
2026-07-15 21:06:07,22.605462,113.863581,22.608729,113.874968,0.0,83,1,4872,15491,2893,0,-1,1,21
2026-07-15 21:06:12,22.60546,113.863582,22.608727,113.874969,0.0,83,1,4872,15491,2890,1,2,-1,23
2026-07-15 21:06:17,22.605459,113.863583,22.608726,113.87497,0.0,83,1,4869,15488,2886,0,1,-2,21
2026-07-15 21:06:22,22.605459,113.863584,22.608726,113.874971,0.0,83,1,4874,15487,2890,0,0,-1,21
2026-07-15 21:06:27,22.605459,113.863586,22.608726,113.874973,0.0,83,1,4873,15490,2883,2,1,-1,21
2026-07-15 21:06:32,22.605459,113.863587,22.608726,113.874974,0.0,83,1,4870,15491,2893,2,0,0,21
2026-07-15 21:06:37,22.605459,113.863587,22.608726,113.874974,0.0,83,1,4880,15489,2890,1,1,0,20
2026-07-15 21:06:42,22.605459,113.863587,22.608726,113.874974,0.0,83,1,4876,15488,2887,1,0,0,20
2026-07-15 21:06:47,22.605459,113.863587,22.608726,113.874974,0.0,83,1,4866,15489,2883,2,1,1,20
2026-07-15 21:06:52,22.605459,113.863587,22.608726,113.874974,0.0,83,1,4870,15490,2886,1,0,1,20
2026-07-15 21:06:57,22.60546,113.863587,22.608727,113.874974,0.0,83,1,4868,15493,2883,1,1,-1,22
2026-07-15 21:07:02,22.605461,113.863587,22.608728,113.874974,0.0,83,1,4882,15493,2891,0,-1,2,22
2026-07-15 21:07:07,22.605461,113.863586,22.608728,113.874973,0.0,83,1,4878,15492,2881,0,0,1,22
2026-07-15 21:07:12,22.605461,113.863586,22.608728,113.874973,0.0,83,1,4875,15490,2890,1,-1,0,22
2026-07-15 21:07:17,22.605461,113.863586,22.608728,113.874973,0.0,83,1,4877,15494,2883,1,2,0,22
2026-07-15 21:07:22,22.605461,113.863586,22.608728,113.874973,0.0,83,1,4883,15488,2885,0,0,1,22
2026-07-15 21:07:27,22.605461,113.863586,22.608728,113.874973,0.0,83,1,4875,15493,2886,0,1,1,21
2026-07-15 21:07:32,22.605461,113.863586,22.608728,113.874973,0.0,83,1,4871,15489,2883,0,0,-1,20
2026-07-15 21:07:37,22.60546,113.863586,22.608727,113.874973,0.0,83,1,4884,15494,2881,0,-1,2,21
2026-07-15 21:07:42,22.60546,113.863587,22.608727,113.874974,0.0,83,1,4883,15490,2882,1,0,1,21
2026-07-15 21:07:47,22.60546,113.863587,22.608727,113.874974,0.0,83,1,4874,15494,2888,1,0,3,20
2026-07-15 21:07:52,22.60546,113.863588,22.608727,113.874975,0.0,83,1,4877,15489,2888,1,-1,1,20
2026-07-15 21:07:57,22.60546,113.863588,22.608727,113.874975,0.0,83,1,4884,15488,2892,1,0,0,20
2026-07-15 21:08:02,22.605459,113.863589,22.608726,113.874976,0.0,83,1,4867,15498,2887,0,0,0,20
2026-07-15 21:08:07,22.605459,113.86359,22.608726,113.874977,0.0,83,1,4870,15491,2885,1,-1,1,21
2026-07-15 21:08:12,22.605459,113.86359,22.608726,113.874977,0.0,83,1,4875,15489,2882,0,0,0,21
2026-07-15 21:08:17,22.605459,113.863591,22.608726,113.874978,0.0,83,1,4877,15493,2884,1,2,1,23
2026-07-15 21:08:22,22.605459,113.863591,22.608726,113.874978,0.0,83,1,4880,15493,2886,0,-1,2,23
2026-07-15 21:08:27,22.60546,113.863591,22.608727,113.874978,0.0,83,1,4866,15495,2888,0,1,3,22
2026-07-15 21:08:32,22.60546,113.863591,22.608727,113.874978,0.0,83,1,4884,15492,2886,0,3,0,22
2026-07-15 21:08:37,22.605462,113.863591,22.608729,113.874978,0.0,83,1,4887,15491,2887,0,0,0,20
2026-07-15 21:08:42,22.605462,113.863591,22.608729,113.874978,0.0,83,1,4873,15487,2883,1,0,1,20
2026-07-15 21:08:47,22.605463,113.863591,22.60873,113.874978,0.0,83,1,4877,15493,2872,1,0,0,21
2026-07-15 21:08:52,22.605464,113.863591,22.608731,113.874978,0.0,83,1,4876,15496,2889,0,2,0,22
2026-07-15 21:08:57,22.605464,113.863591,22.608731,113.874978,0.0,83,1,4877,15496,2892,-1,1,0,21
2026-07-15 21:09:02,22.605465,113.86359,22.608732,113.874977,0.0,83,1,4882,15491,2894,0,-2,1,22
2026-07-15 21:09:07,22.605465,113.86359,22.608732,113.874977,0.0,83,1,4880,15491,2884,1,0,0,22
2026-07-15 21:09:12,22.605466,113.86359,22.608733,113.874977,0.0,83,1,4876,15490,2880,1,1,1,21
2026-07-15 21:09:17,22.605466,113.86359,22.608733,113.874977,0.0,83,1,4872,15492,2882,1,-1,0,23
2026-07-15 21:09:22,22.605466,113.863589,22.608733,113.874976,0.0,83,1,4880,15490,2870,-1,2,0,22
2026-07-15 21:09:27,22.605466,113.86359,22.608733,113.874977,0.0,83,1,4880,15491,2883,0,0,0,23
2026-07-15 21:09:32,22.605467,113.86359,22.608734,113.874977,0.0,83,1,4881,15487,2886,0,0,1,22
2026-07-15 21:09:37,22.605467,113.86359,22.608734,113.874977,0.0,83,1,4883,15488,2885,0,1,2,21
2026-07-15 21:09:42,22.605467,113.863589,22.608734,113.874976,0.0,83,1,4877,15497,2886,1,1,-2,21
2026-07-15 21:09:47,22.605462,113.863586,22.608729,113.874973,0.0,83,1,4875,15493,2882,0,0,0,22
2026-07-15 21:09:52,22.605463,113.863583,22.60873,113.87497,0.0,83,1,4877,15491,2891,0,0,1,23
2026-07-15 21:09:57,22.605465,113.863579,22.608732,113.874966,0.0,83,1,4874,15489,2878,1,1,0,21
2026-07-15 21:10:02,22.605466,113.863577,22.608733,113.874964,0.0,83,1,4880,15495,2889,1,2,-1,20
2026-07-15 21:10:07,22.605467,113.863575,22.608734,113.874962,0.0,83,1,4876,15491,2888,1,0,0,19
2026-07-15 21:10:12,22.605469,113.863574,22.608736,113.874961,0.0,83,1,4870,15495,2892,1,-2,0,20
2026-07-15 21:10:17,22.605469,113.863574,22.608736,113.874961,0.0,83,1,4880,15489,2883,1,0,1,20
2026-07-15 21:10:22,22.605471,113.863574,22.608738,113.874961,0.0,83,1,4872,15490,2893,0,2,-1,22
2026-07-15 21:10:27,22.605472,113.863575,22.608739,113.874962,0.0,83,1,4877,15490,2885,0,-1,1,21
2026-07-15 21:10:32,22.605473,113.863577,22.60874,113.874964,0.0,83,1,4868,15485,2897,2,0,1,22
2026-07-15 21:10:37,22.605474,113.863578,22.608741,113.874965,0.0,83,1,4878,15492,2888,-2,0,2,22
2026-07-15 21:10:42,22.605476,113.86358,22.608743,113.874967,0.0,83,1,4880,15490,2884,1,-1,0,22
2026-07-15 21:10:47,22.605477,113.863581,22.608744,113.874968,0.0,83,1,4878,15490,2886,-1,2,1,22
2026-07-15 21:10:52,22.605479,113.863581,22.608746,113.874968,0.0,83,1,4881,15493,2883,1,2,0,22
2026-07-15 21:10:57,22.605481,113.863581,22.608748,113.874968,0.0,83,1,4877,15490,2893,0,2,1,21
2026-07-15 21:11:02,22.605481,113.863581,22.608748,113.874968,0.0,83,1,4878,15491,2892,1,0,1,21
2026-07-15 21:11:07,22.605482,113.863581,22.608749,113.874968,0.0,83,1,4878,15495,2883,-1,0,1,21
2026-07-15 21:11:12,22.605483,113.863581,22.60875,113.874968,0.0,83,1,4878,15491,2885,0,1,1,21
2026-07-15 21:11:17,22.605484,113.863581,22.608751,113.874968,0.0,83,1,4870,15491,2885,1,0,0,22
2026-07-15 21:11:22,22.605485,113.863582,22.608752,113.874969,0.0,83,1,4869,15488,2881,1,1,3,21
2026-07-15 21:11:27,22.605485,113.863582,22.608752,113.874969,0.0,83,1,4887,15493,2891,-1,-1,0,22
2026-07-15 21:11:32,22.605485,113.863582,22.608752,113.874969,0.0,83,1,4875,15484,2885,-1,2,0,23
2026-07-15 21:11:37,22.605485,113.863582,22.608752,113.874969,0.0,83,1,4876,15492,2887,1,-1,1,22
2026-07-15 21:11:42,22.605485,113.863582,22.608752,113.874969,0.0,83,1,4877,15498,2883,0,0,-2,21
2026-07-15 21:11:47,22.605486,113.863582,22.608753,113.874969,0.0,83,1,4877,15486,2890,-1,2,-1,22
2026-07-15 21:11:52,22.605486,113.863581,22.608753,113.874968,0.0,83,1,4878,15479,2884,0,1,0,22
2026-07-15 21:11:57,22.605486,113.863581,22.608753,113.874968,0.0,83,1,4872,15483,2882,0,-2,1,22
2026-07-15 21:12:02,22.605485,113.863582,22.608752,113.874969,0.0,83,1,4869,15492,2883,0,0,1,21
2026-07-15 21:12:07,22.605484,113.863583,22.608751,113.87497,0.0,83,1,4873,15496,2885,0,2,0,22
2026-07-15 21:12:12,22.605483,113.863584,22.60875,113.874971,0.0,83,1,4874,15488,2883,1,1,-1,20
2026-07-15 21:12:17,22.605482,113.863586,22.608749,113.874973,0.0,83,1,4884,15486,2888,-1,0,0,21
2026-07-15 21:12:22,22.605482,113.863586,22.608749,113.874973,0.0,83,1,4876,15483,2890,0,1,2,21
2026-07-15 21:12:27,22.605481,113.863587,22.608748,113.874974,0.0,83,1,4877,15491,2888,1,1,-1,20
2026-07-15 21:12:33,22.605481,113.863588,22.608748,113.874975,0.0,83,1,4872,15489,2884,1,0,4,19
2026-07-15 21:12:38,22.605482,113.863588,22.608749,113.874975,0.0,83,1,4877,15489,2882,-1,2,1,20
2026-07-15 21:12:42,22.605482,113.863589,22.608749,113.874976,0.0,83,1,4880,15494,2885,0,2,0,20
2026-07-15 21:12:47,22.605483,113.863589,22.60875,113.874976,0.0,83,1,4871,15495,2882,0,-1,2,22
2026-07-15 21:12:52,22.605485,113.863589,22.608752,113.874976,0.0,83,1,4879,15489,2890,0,-1,1,22
2026-07-15 21:12:57,22.605486,113.863589,22.608753,113.874976,0.0,83,1,4876,15491,2879,0,0,1,22
2026-07-15 21:13:02,22.605487,113.863588,22.608754,113.874975,0.0,83,1,4878,15490,2883,1,1,0,21
2026-07-15 21:13:07,22.605489,113.863588,22.608756,113.874975,0.0,83,1,4875,15489,2879,-1,1,2,20
2026-07-15 21:13:12,22.605489,113.863588,22.608756,113.874975,0.0,83,1,4879,15492,2892,-2,0,0,20
2026-07-15 21:13:18,22.60549,113.863587,22.608757,113.874974,0.0,83,1,4875,15494,2882,0,2,1,19
2026-07-15 21:13:23,22.60549,113.863587,22.608757,113.874974,0.0,83,1,4878,15492,2881,0,0,1,19
2026-07-15 21:13:28,22.60549,113.863587,22.608757,113.874974,0.0,83,1,4881,15483,2881,0,-1,0,20
2026-07-15 21:13:33,22.60549,113.863586,22.608757,113.874973,0.0,83,1,4882,15480,2883,1,1,-2,21
2026-07-15 21:13:38,22.605489,113.863586,22.608756,113.874973,0.0,83,1,4880,15490,2882,1,-1,2,20
2026-07-15 21:13:43,22.605489,113.863586,22.608756,113.874973,0.0,83,1,4881,15493,2885,0,1,1,20
2026-07-15 21:13:48,22.605489,113.863585,22.608756,113.874972,0.0,83,1,4881,15488,2896,0,1,0,20
2026-07-15 21:13:53,22.605488,113.863585,22.608755,113.874972,0.0,83,1,4879,15489,2878,1,2,0,21
2026-07-15 21:13:58,22.605488,113.863585,22.608755,113.874972,0.0,83,1,4877,15490,2886,0,0,0,21
2026-07-15 21:14:03,22.605487,113.863585,22.608754,113.874972,0.0,83,1,4873,15491,2892,-1,2,0,21
2026-07-15 21:14:08,22.605486,113.863584,22.608753,113.874971,0.0,83,1,4877,15486,2882,1,-1,0,21
2026-07-15 21:14:13,22.605485,113.863584,22.608752,113.874971,0.0,83,1,4881,15491,2886,1,2,0,22
2026-07-15 21:14:18,22.605485,113.863584,22.608752,113.874971,0.0,83,1,4871,15490,2888,0,1,0,22
2026-07-15 21:14:23,22.605484,113.863585,22.608751,113.874972,0.0,83,1,4888,15491,2885,0,1,1,22
2026-07-15 21:14:28,22.605484,113.863585,22.608751,113.874972,0.0,83,1,4878,15490,2882,0,0,0,22
2026-07-15 21:14:33,22.605482,113.863585,22.608749,113.874972,0.0,83,1,4873,15484,2885,0,0,1,21
2026-07-15 21:14:38,22.605481,113.863586,22.608748,113.874973,0.0,83,1,4870,15495,2888,0,-1,2,20
2026-07-15 21:14:43,22.605481,113.863586,22.608748,113.874973,0.0,83,1,4878,15487,2888,0,-2,2,20
2026-07-15 21:14:48,22.60548,113.863586,22.608747,113.874973,0.0,83,1,4881,15485,2891,1,0,0,20
2026-07-15 21:14:53,22.605479,113.863585,22.608746,113.874972,0.0,83,1,4875,15498,2882,1,-1,1,20
2026-07-15 21:14:58,22.605479,113.863585,22.608746,113.874972,0.0,83,1,4875,15490,2882,0,-1,1,20
2026-07-15 21:15:03,22.605479,113.863585,22.608746,113.874972,0.0,83,1,4874,15486,2886,0,0,0,22
2026-07-15 21:15:08,22.605479,113.863585,22.608746,113.874972,0.0,83,1,4873,15491,2881,2,0,1,22
2026-07-15 21:15:13,22.605479,113.863585,22.608746,113.874972,0.0,83,1,4888,15488,2882,0,1,1,21
2026-07-15 21:15:18,22.605479,113.863585,22.608746,113.874972,0.0,83,1,4881,15492,2887,0,0,1,21
2026-07-15 21:15:23,22.605479,113.863585,22.608746,113.874972,0.0,83,1,4874,15483,2877,0,0,-2,21
2026-07-15 21:15:28,22.605479,113.863584,22.608746,113.874971,0.0,83,1,4880,15492,2880,-1,1,0,21
2026-07-15 21:15:33,22.605478,113.863584,22.608745,113.874971,0.0,83,1,4884,15490,2883,-1,1,-1,22
2026-07-15 21:15:38,22.605478,113.863583,22.608745,113.87497,0.0,83,1,4874,15492,2893,0,1,2,22
2026-07-15 21:15:43,22.605478,113.863583,22.608745,113.87497,0.0,83,1,4868,15493,2880,1,-1,2,23
2026-07-15 21:15:48,22.605477,113.863583,22.608744,113.87497,0.0,83,1,4883,15490,2872,-1,0,0,21
2026-07-15 21:15:53,22.605477,113.863583,22.608744,113.87497,0.0,83,1,4870,15492,2888,0,3,-3,21
2026-07-15 21:15:58,22.605476,113.863583,22.608743,113.87497,0.0,83,1,4870,15484,2885,1,1,0,19
2026-07-15 21:16:03,22.605476,113.863584,22.608743,113.874971,0.0,83,1,4879,15486,2899,2,2,0,20
2026-07-15 21:16:08,22.605475,113.863585,22.608742,113.874972,0.0,83,1,4873,15488,2888,1,-2,1,20
2026-07-15 21:16:13,22.605475,113.863585,22.608742,113.874972,0.0,83,1,4871,15491,2889,0,0,2,22
2026-07-15 21:16:18,22.605475,113.863586,22.608742,113.874973,0.0,83,1,4878,15495,2889,0,2,-1,21
2026-07-15 21:16:23,22.605475,113.863586,22.608742,113.874973,0.0,83,1,4876,15496,2887,2,2,0,22
2026-07-15 21:16:28,22.605475,113.863585,22.608742,113.874972,0.0,83,1,4880,15484,2882,1,1,0,21
2026-07-15 21:16:33,22.605475,113.863585,22.608742,113.874972,0.0,83,1,4879,15490,2886,1,0,2,21
2026-07-15 21:16:38,22.605475,113.863585,22.608742,113.874972,0.0,83,1,4873,15489,2888,0,1,1,20
2026-07-15 21:16:43,22.605475,113.863584,22.608742,113.874971,0.0,83,1,4881,15492,2878,1,0,1,20
2026-07-15 21:16:48,22.605475,113.863584,22.608742,113.874971,0.0,83,1,4881,15488,2892,1,0,0,20
2026-07-15 21:16:52,22.605475,113.863584,22.608742,113.874971,0.0,83,1,4870,15496,2883,-1,0,0,20
2026-07-15 21:16:57,22.605475,113.863584,22.608742,113.874971,0.0,83,1,4871,15484,2887,2,2,-1,20
2026-07-15 21:17:02,22.605475,113.863584,22.608742,113.874971,0.0,83,1,4875,15486,2891,0,0,1,20
2026-07-15 21:17:07,22.605475,113.863583,22.608742,113.87497,0.0,83,1,4880,15488,2887,3,1,0,20
2026-07-15 21:17:12,22.605474,113.863583,22.608741,113.87497,0.0,83,1,4872,15479,2887,0,0,3,20
2026-07-15 21:17:17,22.605474,113.863583,22.608741,113.87497,0.0,83,1,4874,15488,2885,0,0,-1,20
2026-07-15 21:17:22,22.605474,113.863583,22.608741,113.87497,0.0,83,1,4875,15490,2889,1,-1,0,20
2026-07-15 21:17:27,22.605474,113.863583,22.608741,113.87497,0.0,83,1,4877,15489,2891,-1,0,1,20
2026-07-15 21:17:32,22.605473,113.863583,22.60874,113.87497,0.0,83,1,4873,15484,2878,0,0,-1,20
2026-07-15 21:17:37,22.605473,113.863583,22.60874,113.87497,0.0,83,1,4877,15488,2871,0,0,1,21
2026-07-15 21:17:42,22.605473,113.863582,22.60874,113.874969,0.0,83,1,4877,15488,2883,-1,0,2,20
2026-07-15 21:17:47,22.605473,113.863583,22.60874,113.87497,0.0,83,1,4882,15490,2891,0,1,1,20
2026-07-15 21:17:52,22.605473,113.863583,22.60874,113.87497,0.0,83,1,4885,15496,2889,1,0,2,20
2026-07-15 21:17:57,22.605473,113.863583,22.60874,113.87497,0.0,83,1,4873,15488,2885,0,1,2,20
2026-07-15 21:18:02,22.605474,113.863583,22.608741,113.87497,0.0,83,1,4877,15485,2887,0,1,0,20
2026-07-15 21:18:07,22.605474,113.863583,22.608741,113.87497,0.0,83,1,4874,15482,2888,0,0,0,22
2026-07-15 21:18:12,22.605474,113.863583,22.608741,113.87497,0.0,83,1,4878,15489,2881,0,1,0,21
2026-07-15 21:18:17,22.605474,113.863583,22.608741,113.87497,0.0,83,1,4871,15482,2886,1,0,0,22
2026-07-15 21:18:22,22.605474,113.863583,22.608741,113.87497,0.0,83,1,4883,15488,2893,-2,-2,1,22
2026-07-15 21:18:27,22.605474,113.863583,22.608741,113.87497,0.0,83,1,4880,15489,2880,1,1,-1,23
2026-07-15 21:18:32,22.605473,113.863583,22.60874,113.87497,0.0,83,1,4882,15491,2885,-1,0,0,23
2026-07-15 21:18:37,22.605473,113.863583,22.60874,113.87497,0.0,83,1,4874,15494,2884,1,1,2,22
2026-07-15 21:18:42,22.605472,113.863583,22.608739,113.87497,0.0,83,1,4876,15488,2890,0,1,0,20
2026-07-15 21:18:47,22.605472,113.863583,22.608739,113.87497,0.0,83,1,4880,15492,2888,2,0,-1,22
2026-07-15 21:18:52,22.605472,113.863583,22.608739,113.87497,0.0,83,1,4870,15489,2878,2,0,0,21
2026-07-15 21:18:57,22.605471,113.863583,22.608738,113.87497,0.0,83,1,4879,15489,2889,-1,1,1,22
2026-07-15 21:19:02,22.605471,113.863583,22.608738,113.87497,0.0,83,1,4876,15487,2885,0,0,-1,21
2026-07-15 21:19:07,22.605471,113.863583,22.608738,113.87497,0.0,83,1,4877,15491,2880,0,1,-1,20
2026-07-15 21:19:12,22.60547,113.863583,22.608737,113.87497,0.0,83,1,4875,15485,2890,1,-1,1,21
2026-07-15 21:19:17,22.60547,113.863583,22.608737,113.87497,0.0,83,1,4876,15478,2897,0,2,2,22
2026-07-15 21:19:22,22.60547,113.863583,22.608737,113.87497,0.0,83,1,4881,15487,2892,2,-1,-2,22
2026-07-15 21:19:27,22.605469,113.863582,22.608736,113.874969,0.0,83,1,4874,15491,2890,1,1,-1,21
2026-07-15 21:19:32,22.60547,113.863582,22.608737,113.874969,0.0,83,1,4892,15486,2881,1,0,-2,22
2026-07-15 21:19:37,22.60547,113.863582,22.608737,113.874969,0.0,83,1,4882,15494,2890,-2,3,-1,23
2026-07-15 21:19:42,22.60547,113.863583,22.608737,113.87497,0.0,83,1,4877,15489,2873,0,1,0,22
2026-07-15 21:19:47,22.605469,113.863583,22.608736,113.87497,0.0,83,1,4885,15486,2894,0,2,0,22
2026-07-15 21:19:52,22.605469,113.863582,22.608736,113.874969,0.0,83,1,4874,15486,2884,0,2,-1,22
2026-07-15 21:19:57,22.605469,113.863582,22.608736,113.874969,0.0,83,1,4879,15488,2886,1,1,0,22
2026-07-15 21:20:02,22.605469,113.863582,22.608736,113.874969,0.0,83,1,4871,15484,2889,1,0,1,21
2026-07-15 21:20:07,22.605469,113.863582,22.608736,113.874969,0.0,83,1,4878,15490,2885,-1,0,2,20
2026-07-15 21:20:12,22.605469,113.863582,22.608736,113.874969,0.0,83,1,4876,15490,2892,-1,2,-2,21
2026-07-15 21:20:17,22.605469,113.863581,22.608736,113.874968,0.0,83,1,4880,15488,2885,1,0,0,21
2026-07-15 21:20:22,22.605469,113.863581,22.608736,113.874968,0.0,83,1,4871,15482,2881,1,-2,1,21
2026-07-15 21:20:27,22.605469,113.863581,22.608736,113.874968,0.0,83,1,4874,15486,2892,2,-2,1,20
2026-07-15 21:20:32,22.605469,113.863581,22.608736,113.874968,0.0,83,1,4873,15492,2879,0,0,0,20
2026-07-15 21:20:37,22.605469,113.863581,22.608736,113.874968,0.0,83,1,4870,15487,2872,0,-1,1,21
2026-07-15 21:20:42,22.605469,113.863581,22.608736,113.874968,0.0,83,1,4869,15491,2892,0,0,1,21
2026-07-15 21:20:47,22.605469,113.863581,22.608736,113.874968,0.0,83,1,4876,15482,2876,-1,2,0,21
2026-07-15 21:20:52,22.605468,113.863581,22.608735,113.874968,0.0,83,1,4861,15493,2875,0,2,0,22
2026-07-15 21:20:57,22.605468,113.863581,22.608735,113.874968,0.0,83,1,4877,15494,2892,0,1,2,23
2026-07-15 21:21:02,22.605468,113.86358,22.608735,113.874967,0.0,83,1,4878,15484,2887,0,2,-1,22
2026-07-15 21:21:07,22.605468,113.86358,22.608735,113.874967,0.0,83,1,4877,15494,2880,1,-2,0,22
2026-07-15 21:21:12,22.605468,113.86358,22.608735,113.874967,0.0,83,1,4873,15487,2891,0,1,1,22
2026-07-15 21:21:17,22.605468,113.863579,22.608735,113.874966,0.0,83,1,4877,15485,2883,1,0,1,22
2026-07-15 21:21:22,22.605468,113.863579,22.608735,113.874966,0.0,83,1,4878,15489,2885,0,0,0,23
2026-07-15 21:21:27,22.605468,113.863578,22.608735,113.874965,0.0,83,1,4872,15486,2886,1,1,-1,22
2026-07-15 21:21:32,22.605469,113.863578,22.608736,113.874965,0.0,83,1,4866,15486,2884,2,1,1,21
2026-07-15 21:21:37,22.605469,113.863578,22.608736,113.874965,0.0,83,1,4876,15484,2889,0,-2,1,22
2026-07-15 21:21:42,22.60547,113.863578,22.608737,113.874965,0.0,83,1,6315,15109,3285,16,16,-26,22
2026-07-15 21:21:44,22.60547,113.863578,22.608737,113.874965,0.0,83,1,338,16634,-1147,-84,387,148,21
2026-07-15 21:21:49,22.60547,113.863578,22.608737,113.874965,0.0,83,1,-3381,15939,429,-32,-17,-37,23
2026-07-15 21:21:54,22.605492,113.863595,22.608759,113.874982,0.0,83,1,-1478,16233,802,-43,689,282,24
2026-07-15 21:21:56,22.605504,113.863611,22.608771,113.874998,0.0,53,1,702,17266,2325,78,-878,-357,24
2026-07-15 21:21:59,22.605525,113.863633,22.608793,113.87502,0.0,68,1,-774,18702,-1872,-272,1300,474,22
2026-07-15 21:22:03,22.605554,113.863677,22.608822,113.875063,5.1,44,1,-1361,13943,-1396,-83,448,161,24
2026-07-15 21:22:05,22.605569,113.863701,22.608837,113.875087,5.1,52,1,-668,16389,943,-81,661,131,25
2026-07-15 21:22:07,22.605578,113.863723,22.608846,113.875109,0.0,68,1,890,16138,1523,14,-1273,-576,25
2026-07-15 21:22:12,22.605595,113.863753,22.608864,113.875139,0.0,76,1,-1756,16917,1386,198,119,196,27
2026-07-15 21:22:17,22.605599,113.863816,22.608868,113.875202,7.0,109,1,-1820,16389,-2373,-8,-173,-58,27
2026-07-15 21:22:19,22.605598,113.863846,22.608868,113.875232,0.0,84,1,799,15973,2353,54,-643,-389,27
2026-07-15 21:22:24,22.605624,113.86389,22.608894,113.875275,4.9,53,1,-1364,17189,866,81,247,165,27
2026-07-15 21:22:26,22.605649,113.863902,22.608919,113.875287,4.1,24,1,635,17859,-2831,-428,405,32,27
2026-07-15 21:22:29,22.60569,113.863921,22.60896,113.875306,0.0,12,1,-1047,19109,4379,71,-409,-78,27
2026-07-15 21:22:33,22.60574,113.863928,22.60901,113.875313,5.3,21,1,-4457,13319,-1364,173,-46,128,27
2026-07-15 21:22:38,22.605817,113.863979,22.609088,113.875364,7.8,29,1,-2364,17654,1929,-219,96,98,27
2026-07-15 21:22:41,22.605873,113.864026,22.609144,113.875411,7.8,38,1,-1777,15419,3047,105,80,90,27
2026-07-15 21:22:45,22.605945,113.864101,22.609217,113.875485,7.8,36,1,1470,16239,-179,-25,256,-3,27
2026-07-15 21:22:47,22.605982,113.864156,22.609254,113.87554,7.2,62,1,-986,15294,3306,229,-547,-171,27
2026-07-15 21:22:51,22.606048,113.864231,22.609321,113.875615,5.7,22,1,-2637,18989,4064,-55,231,158,27
2026-07-15 21:22:56,22.606152,113.864285,22.609425,113.875668,0.0,20,1,2812,16792,-1708,156,554,356,27
2026-07-15 21:23:00,22.606202,113.86429,22.609475,113.875673,5.2,320,1,-668,18211,-47,49,-318,-101,27
2026-07-15 21:23:02,22.606245,113.864273,22.609518,113.875656,8.4,336,1,1317,21127,38,-235,875,328,27
2026-07-15 21:23:05,22.606305,113.864248,22.609578,113.875632,6.8,301,1,-6113,21236,4004,63,-102,192,26
2026-07-15 21:23:07,22.606343,113.864223,22.609616,113.875607,7.6,306,1,674,16796,-2262,99,-694,-258,24
2026-07-15 21:23:10,22.606392,113.864172,22.609664,113.875556,8.0,288,1,-1256,17195,1099,-20,253,86,23
2026-07-15 21:23:12,22.606424,113.864136,22.609696,113.87552,7.3,294,1,-678,13962,201,-86,222,37,22
2026-07-15 21:23:14,22.606461,113.864109,22.609733,113.875493,6.5,313,1,-40,17816,-1364,-199,-347,-48,23
2026-07-15 21:23:17,22.606511,113.864086,22.609783,113.87547,0.0,356,1,-593,17420,2238,-68,-202,-65,23
2026-07-15 21:23:21,22.606563,113.864073,22.609834,113.875457,4.5,325,1,1059,16614,299,73,-268,-202,24
2026-07-15 21:23:24,22.606599,113.864041,22.60987,113.875425,5.2,281,1,-422,24003,6797,219,134,-212,25
2026-07-15 21:23:26,22.606629,113.864014,22.6099,113.875398,5.9,313,1,-2784,17454,-1245,-179,159,174,24
2026-07-15 21:23:29,22.606679,113.863968,22.60995,113.875352,7.8,306,1,535,15139,-1181,-123,153,-39,24
2026-07-15 21:23:34,22.606782,113.863887,22.610052,113.875272,7.2,302,1,2965,-442,-1555,-488,-473,-743,25
2026-07-15 21:23:39,22.606866,113.863813,22.610135,113.875198,8.0,313,1,56,17740,-873,93,-17,21,25
2026-07-15 21:23:44,22.606979,113.863728,22.610248,113.875113,7.2,308,1,-7033,11584,-5618,62,176,336,26
2026-07-15 21:23:46,22.60701,113.863708,22.610278,113.875093,0.0,321,1,3253,16349,7559,41,-101,-61,26
2026-07-15 21:23:51,22.607043,113.863701,22.610311,113.875086,0.0,321,1,2234,16186,1521,-14,315,137,26
2026-07-15 21:23:56,22.607066,113.863699,22.610334,113.875084,0.0,321,1,864,16478,558,-16,147,87,26
2026-07-15 21:24:01,22.607103,113.863686,22.610371,113.875071,0.0,324,1,-779,18192,3927,108,-429,-207,26
2026-07-15 21:24:03,22.607128,113.863662,22.610396,113.875047,6.4,300,1,-4013,16684,1624,91,-134,198,25
2026-07-15 21:24:06,22.607171,113.863621,22.610439,113.875007,6.5,320,1,-2971,19590,2876,42,982,421,25
2026-07-15 21:24:11,22.607255,113.863544,22.610522,113.87493,7.3,312,1,881,17113,1138,-329,152,-2,25
2026-07-15 21:24:13,22.607291,113.863517,22.610558,113.874903,7.6,324,1,-383,16013,726,54,-145,-37,24
2026-07-15 21:24:16,22.607349,113.863466,22.610615,113.874852,8.9,317,1,249,9145,-8495,-225,3,-46,27
2026-07-15 21:24:21,22.607451,113.863376,22.610716,113.874762,9.1,314,1,-2356,17577,2191,83,101,77,27
2026-07-15 21:24:26,22.607547,113.863283,22.610812,113.87467,9.4,321,1,-1732,15760,3508,406,116,128,27
2026-07-15 21:24:31,22.607631,113.863192,22.610895,113.874579,8.3,307,1,-1942,15799,-5138,-226,52,83,27
2026-07-15 21:24:34,22.607685,113.863146,22.610948,113.874533,4.4,342,1,679,16426,-3931,-553,409,-33,27
2026-07-15 21:24:36,22.607715,113.863124,22.610978,113.874511,6.6,308,1,443,19125,397,20,316,19,26
2026-07-15 21:24:41,22.607793,113.863038,22.611055,113.874426,8.2,309,1,-868,16386,522,31,-1370,-614,27
2026-07-15 21:24:46,22.607862,113.862964,22.611124,113.874352,5.3,309,1,-2971,17418,-14,-22,461,253,27
2026-07-15 21:24:50,22.607901,113.862916,22.611162,113.874304,4.3,324,1,899,15425,352,-48,-599,-319,27
2026-07-15 21:24:55,22.607932,113.862888,22.611193,113.874276,0.0,316,1,-4895,15191,2919,-204,439,75,26
2026-07-15 21:25:01,22.607937,113.862879,22.611198,113.874267,0.0,316,1,2694,15212,-662,82,1226,261,25
2026-07-15 21:25:06,22.607943,113.862864,22.611204,113.874252,0.0,316,1,6173,14752,4242,-2,-6,-3,26
2026-07-15 21:25:11,22.607948,113.862852,22.611209,113.87424,0.0,316,1,6710,14637,5601,5,-19,9,25
2026-07-15 21:25:15,22.607952,113.862842,22.611213,113.87423,0.0,316,1,6518,14462,4979,-118,-91,-50,26
2026-07-15 21:25:21,22.607955,113.862832,22.611216,113.87422,0.0,316,1,6076,14799,4407,48,-22,-46,24
2026-07-15 21:25:26,22.607956,113.862834,22.611217,113.874222,0.0,316,1,7221,13124,6668,62,-86,-129,25
2026-07-15 21:25:31,22.60796,113.862837,22.611221,113.874225,0.0,316,1,7664,13946,6231,29,87,13,26
2026-07-15 21:25:36,22.607963,113.862838,22.611224,113.874226,0.0,316,1,5048,15128,3277,-87,71,80,24
2026-07-15 21:25:41,22.607967,113.86284,22.611228,113.874228,0.0,316,1,7159,13486,7025,21,-66,21,25
2026-07-15 21:25:46,22.607969,113.862844,22.61123,113.874232,0.0,316,1,6675,14000,7380,-112,-169,118,24
2026-07-15 21:25:51,22.60797,113.862843,22.611231,113.874231,0.0,316,1,5355,14734,3952,-21,-48,-5,24
2026-07-15 21:25:56,22.607972,113.862844,22.611233,113.874232,0.0,316,1,6032,13978,5813,-104,-31,-8,23
2026-07-15 21:26:01,22.607973,113.862844,22.611234,113.874232,0.0,316,1,8286,14043,6222,-42,-24,23,24
2026-07-15 21:26:06,22.607973,113.862844,22.611234,113.874232,0.0,316,1,9685,11947,1579,-66,-11,-123,25
2026-07-15 21:26:11,22.607973,113.862843,22.611234,113.874231,0.0,316,1,6121,13311,2118,-140,133,-231,24
2026-07-15 21:26:16,22.607973,113.862843,22.611234,113.874231,0.0,316,1,-2725,12276,10644,547,908,275,24
2026-07-15 21:26:21,22.607967,113.862848,22.611228,113.874236,0.0,316,1,4404,8691,12698,-92,-76,133,24
2026-07-15 21:26:26,22.607967,113.86285,22.611228,113.874238,0.0,316,1,3933,9692,10452,25,34,89,24
2026-07-15 21:26:31,22.607992,113.862828,22.611253,113.874216,0.0,316,1,2441,8553,12481,357,-137,-26,25
2026-07-15 21:26:36,22.607992,113.862822,22.611252,113.87421,0.0,316,1,-1623,9679,17969,-812,368,188,25
2026-07-15 21:26:41,22.60798,113.862817,22.61124,113.874205,0.0,316,1,-828,8797,12567,-48,-286,30,25
2026-07-15 21:26:46,22.607966,113.862814,22.611226,113.874203,0.0,316,1,3840,6070,13048,-204,-107,-20,25
2026-07-15 21:26:51,22.607957,113.862777,22.611217,113.874166,5.4,251,1,2948,4878,14662,-523,-407,-467,19
2026-07-15 21:26:53,22.607952,113.862747,22.611212,113.874136,5.5,260,1,6734,4043,12803,-828,-180,-306,19
2026-07-15 21:26:55,22.607939,113.862721,22.611199,113.87411,6.2,233,1,-979,5583,18595,-328,154,-255,15
2026-07-15 21:26:59,22.607893,113.86267,22.611152,113.874059,6.9,214,1,1002,5693,15844,-31,-67,326,17
2026-07-15 21:27:04,22.607847,113.862638,22.611106,113.874027,0.0,208,1,-557,7111,18546,158,23,-472,16
2026-07-15 21:27:07,22.60782,113.862631,22.611079,113.87402,0.0,190,1,-260,6056,15262,-69,-136,-129,17
2026-07-15 21:27:12,22.607805,113.862634,22.611064,113.874023,0.0,190,1,456,5506,15875,-42,29,11,17
2026-07-15 21:27:17,22.607806,113.862633,22.611065,113.874022,0.0,190,1,-19,5295,15287,9,28,8,17
2026-07-15 21:27:22,22.607804,113.862635,22.611063,113.874024,0.0,190,1,206,6991,15367,-118,51,-207,15
2026-07-15 21:27:27,22.607812,113.862645,22.611071,113.874034,0.0,190,1,4641,6394,15663,1,-315,-368,11
2026-07-15 21:27:32,22.607812,113.862623,22.611071,113.874012,4.2,300,1,6458,6514,14563,149,213,663,11
2026-07-15 21:27:35,22.607847,113.862602,22.611105,113.873992,0.0,303,1,3462,7368,16610,-589,-371,-63,9
2026-07-15 21:27:40,22.607906,113.862549,22.611164,113.873939,6.6,296,1,-3,6327,13293,-100,138,53,5
2026-07-15 21:27:42,22.607939,113.862512,22.611197,113.873902,10.8,303,1,-90,6905,15776,-36,3,160,4
2026-07-15 21:27:43,22.60797,113.862489,22.611227,113.873879,13.3,312,1,-90,6329,15018,-37,-21,20,3
2026-07-15 21:27:49,22.60797,113.862489,22.611227,113.873879,0.0,312,0,-580,6291,14920,75,7,23,0
2026-07-15 21:27:54,22.60797,113.862489,22.611227,113.873879,0.0,312,0,-620,6581,15591,16,-27,-4,0
2026-07-15 21:27:59,22.60797,113.862489,22.611227,113.873879,0.0,312,0,-63,6979,18289,-155,-82,-106,0
2026-07-15 21:28:04,22.60797,113.862489,22.611227,113.873879,0.0,312,0,469,5321,13123,-229,206,529,0
2026-07-15 21:28:09,22.60797,113.862489,22.611227,113.873879,0.0,312,0,486,4321,17008,-333,-295,-65,0
2026-07-15 21:28:14,22.60797,113.862489,22.611227,113.873879,0.0,312,0,1222,4516,16572,-205,111,219,0
2026-07-15 21:28:19,22.60797,113.862489,22.611227,113.873879,0.0,312,0,2553,4186,17385,177,32,-192,0
2026-07-15 21:28:24,22.60797,113.862489,22.611227,113.873879,0.0,312,0,2363,4453,15973,26,16,-155,0
2026-07-15 21:28:29,22.60797,113.862489,22.611227,113.873879,0.0,312,0,1630,3957,15842,81,68,399,0
2026-07-15 21:28:34,22.60797,113.862489,22.611227,113.873879,0.0,312,0,2094,6289,14986,446,-321,-135,0
2026-07-15 21:28:39,22.60797,113.862489,22.611227,113.873879,0.0,312,0,1785,6031,10809,325,347,-517,0
2026-07-15 21:28:43,22.608005,113.862464,22.611262,113.873854,0.0,324,1,1237,7064,15131,0,2,0,7
2026-07-15 21:28:45,22.608001,113.862472,22.611258,113.873862,0.0,324,1,1237,7065,15131,0,1,0,9
2026-07-15 21:28:48,22.608029,113.862521,22.611287,113.873911,8.6,37,1,1222,7074,15127,0,1,0,11
2026-07-15 21:28:53,22.608039,113.862578,22.611297,113.873968,0.0,40,1,1230,7072,15131,0,-2,1,11
2026-07-15 21:28:58,22.60801,113.862552,22.611268,113.873942,0.0,40,1,1222,7071,15143,1,-1,1,10
2026-07-15 21:29:03,22.608021,113.86255,22.611279,113.87394,0.0,40,1,-663,6927,15812,273,216,-149,11
2026-07-15 21:29:05,22.60804,113.862572,22.611298,113.873962,7.5,49,1,577,6475,15458,13,-54,-274,12
2026-07-15 21:29:11,22.608081,113.862617,22.61134,113.874006,0.0,45,1,-6556,-3179,13758,417,232,243,12
2026-07-15 21:29:16,22.608082,113.862622,22.611341,113.874011,0.0,45,1,-11165,-12485,2731,363,-194,-108,12
2026-07-15 21:29:18,22.60811,113.862627,22.611369,113.874016,8.4,10,1,934,6488,15661,-404,465,-456,12
2026-07-15 21:29:23,22.608178,113.862667,22.611437,113.874056,7.2,58,1,699,6707,15275,-297,50,29,12
2026-07-15 21:29:26,22.608175,113.862673,22.611434,113.874062,0.0,64,1,502,8142,14665,318,-19,-3,12
2026-07-15 21:29:31,22.60816,113.862662,22.611419,113.874051,0.0,64,1,938,9427,13849,25,-27,13,12
2026-07-15 21:29:36,22.608135,113.862677,22.611394,113.874066,0.0,64,1,527,9101,14117,-156,-142,65,11
2026-07-15 21:29:41,22.60812,113.862674,22.611379,113.874063,0.0,64,1,214,7246,15684,-11,219,-168,11
2026-07-15 21:29:46,22.608118,113.862659,22.611377,113.874048,0.0,64,1,2466,8475,10980,-426,530,428,13
2026-07-15 21:29:50,22.608095,113.862628,22.611354,113.874017,5.3,231,1,11,7870,8788,-499,336,90,14
2026-07-15 21:29:55,22.608088,113.862614,22.611347,113.874003,0.0,231,1,1870,8714,14099,1,3,0,14
2026-07-15 21:30:00,22.608077,113.862603,22.611335,113.873992,0.0,231,1,1847,8727,14110,0,-1,3,15
2026-07-15 21:30:05,22.608061,113.862591,22.611319,113.87398,0.0,231,1,1851,8722,14114,1,1,0,15
2026-07-15 21:30:10,22.608046,113.862577,22.611304,113.873967,0.0,231,1,1834,8724,14124,1,-1,1,15
2026-07-15 21:30:15,22.60803,113.862564,22.611288,113.873954,0.0,231,1,1825,8729,14125,0,0,-1,16
2026-07-15 21:30:20,22.608011,113.862549,22.611269,113.873939,0.0,231,1,1834,8727,14083,2,-1,0,17
2026-07-15 21:30:25,22.607998,113.862544,22.611256,113.873934,0.0,231,1,1828,8725,14125,-1,3,-1,17
2026-07-15 21:30:30,22.607988,113.862543,22.611246,113.873933,0.0,231,1,1826,8725,14130,0,1,1,18
2026-07-15 21:30:35,22.607976,113.862542,22.611234,113.873932,0.0,231,1,1819,8729,14111,-1,2,1,20
2026-07-15 21:30:40,22.607966,113.862542,22.611224,113.873932,0.0,231,1,1822,8730,14123,3,1,0,20
2026-07-15 21:30:45,22.607957,113.862541,22.611215,113.873931,0.0,231,1,1820,8735,14126,1,1,0,20
2026-07-15 21:30:50,22.60795,113.862543,22.611208,113.873933,0.0,231,1,1819,8736,14121,0,1,0,21
2026-07-15 21:30:55,22.607945,113.862546,22.611203,113.873936,0.0,231,1,1812,8733,14133,1,2,-1,21
